都道府県No.,都道府県名,市町村・組合名,病院名,ページNo.,実繰入(計)（千円）,医業収益ー医業支出（千円）,医業収益（千円）,医業費用（千円）
1,北海道,-,江差病院,3,"\1,147,247 ","(\1,518,483)","\1,468,267 ","\2,986,750 "
1,北海道,-,羽幌病院,4,"\881,077 ","(\185,198)","\1,468,267 ","\1,653,465 "
1,北海道,-,緑ヶ丘病院,5,"\676,222 ","(\739,611)","\995,318 ","\1,734,929 "
1,北海道,-,向陽ヶ丘病院,6,"\544,581 ","(\894,224)","\730,592 ","\1,624,816 "
1,北海道,-,北見病院,7,"\233,355 ","\329,134 ","\619,112 ","\289,978 "
1,北海道,-,子ども総合医療・療育センター,8,"\3,287,337 ","(\4,767,050)","\19,461 ","\4,786,511 "
1,北海道,札幌市,札幌病院,9,"\2,865,676 ","(\19,783,604)","\3,630,370 ","\23,413,974 "
1,北海道,函館市,市立函館病院,10,"\2,040,113 ","(\735,044)","\18,388,676 ","\19,123,720 "
1,北海道,函館市,市立函館恵山病院,11,"\285,661 ","\18,460,128 ","\19,074,948 ","\614,820 "
1,北海道,函館市,市立函館南茅部病院,12,"\248,683 ","(\146,412)","\436,256 ","\582,668 "
1,北海道,小樽市,小樽病院,13,"\1,489,185 ","(\10,787,178)","\365,465 ","\11,152,643 "
1,北海道,旭川市,市立旭川病院,14,"\1,335,346 ","(\1,116,269)","\9,934,859 ","\11,051,128 "
1,北海道,室蘭市,総合病院,15,"\1,618,987 ","(\564,424)","\8,953,412 ","\9,517,836 "
1,北海道,釧路市,市立釧路総合病院,16,"\1,443,755 ","(\9,057,217)","\8,225,746 ","\17,282,963 "
1,北海道,北見市,北見市国民健康保険常呂病院,17,"\7,206 ",-,"\15,947,693 ",-
1,北海道,岩見沢市,総合病院,18,"\847,296 ",-,-,"\11,028,102 "
1,北海道,岩見沢市,栗沢病院,19,"\160,000 ","\9,607,244 ","\10,326,334 ","\719,090 "
1,北海道,留萌市,市立病院,20,"\1,086,088 ","(\5,216,578)","\471,720 ","\5,688,298 "
1,北海道,苫小牧市,苫小牧市立病院,21,"\1,656,709 ","(\6,196,277)","\4,199,396 ","\10,395,673 "
1,北海道,稚内市,稚内病院,22,"\1,535,765 ","\1,685,504 ","\8,315,731 ","\6,630,227 "
1,北海道,稚内市,稚内こまどり病院,23,"\141,702 ","\4,564,669 ","\4,866,683 ","\302,014 "
1,北海道,美唄市,市立美唄病院,24,"\537,372 ","(\1,291,535)","\129,316 ","\1,420,851 "
1,北海道,芦別市,芦別病院,25,"\549,868 ","(\733,313)","\1,111,460 ","\1,844,773 "
1,北海道,江別市,市立病院,26,"\1,513,632 ","(\4,762,355)","\1,411,574 ","\6,173,929 "
1,北海道,赤平市,あかびら市立病院,27,"\870,942 ","\3,712,082 ","\5,840,395 ","\2,128,313 "
1,北海道,士別市,士別市立病院,28,"\795,873 ","(\1,260,471)","\1,904,066 ","\3,164,537 "
1,北海道,名寄市,総合病院,29,"\1,307,335 ","(\7,031,852)","\2,480,203 ","\9,512,055 "
1,北海道,名寄市,名寄東病院,30,"\167,092 ","\7,612,885 ","\8,279,610 ","\666,725 "
1,北海道,三笠市,三笠総合病院,31,"\937,000 ","(\1,302,701)","\533,531 ","\1,836,232 "
1,北海道,根室市,根室病院,32,"\1,509,730 ","(\3,791,922)","\955,505 ","\4,747,427 "
1,北海道,千歳市,千歳市民病院,33,"\1,010,930 ","(\3,438,342)","\2,657,130 ","\6,095,472 "
1,北海道,滝川市,市立病院,34,"\1,086,083 ","(\1,130,834)","\5,511,939 ","\6,642,773 "
1,北海道,砂川市,市立病院,35,"\1,668,439 ","(\9,210,757)","\5,249,409 ","\14,460,166 "
1,北海道,歌志内市,市立病院,36,"\229,578 ","\12,192,979 ","\12,748,304 ","\555,325 "
1,北海道,深川市,市立病院,37,"\970,115 ","(\4,042,714)","\384,255 ","\4,426,969 "
1,北海道,松前町,松前病院,38,"\339,683 ","\2,637,536 ","\3,827,520 ","\1,189,984 "
1,北海道,木古内町,国保病院,39,"\500,441 ","(\531,708)","\885,189 ","\1,416,897 "
1,北海道,森町,国保病院,40,"\394,479 ","(\122,211)","\794,622 ","\916,833 "
1,北海道,八雲町,八雲総合病院,41,"\1,486,147 ","(\4,554,125)","\575,865 ","\5,129,990 "
1,北海道,八雲町,八雲町熊石国民健康保険病院,42,"\189,084 ","\3,313,490 ","\4,158,647 ","\845,157 "
1,北海道,長万部町,町立病院,43,"\390,000 ","\47,711 ","\697,612 ","\649,901 "
1,北海道,厚沢部町,国保病院,44,"\240,503 ","(\190,895)","\299,790 ","\490,685 "
1,北海道,乙部町,国保病院,45,"\205,599 ","(\127,492)","\300,394 ","\427,886 "
1,北海道,奥尻町,国保病院,46,"\341,006 ","(\481,895)","\241,135 ","\723,030 "
1,北海道,今金町,国保病院,47,"\270,673 ","(\352,950)","\410,552 ","\763,502 "
1,北海道,せたな町,せたな町立国保病院（病院事業分）,48,"\436,357 ","(\705,399)","\501,287 ","\1,206,686 "
1,北海道,黒松内町,黒松内町国民健康保険病院,49,"\2,118 ",-,"\759,870 ",-
1,北海道,南幌町,国保町立病院,50,"\313,254 ",-,-,"\699,078 "
1,北海道,奈井江町,奈井江町立国民健康保険病院,51,"\361,642 ","(\278,283)","\524,938 ","\803,221 "
1,北海道,由仁町,町立病院,52,"\3,777 ",-,"\519,141 ",-
1,北海道,長沼町,町立長沼病院,53,"\361,528 ",-,-,"\940,807 "
1,北海道,月形町,国保月形町立病院,54,"\183,100 ","\19,900 ","\624,667 ","\604,767 "
1,北海道,美瑛町,町立病院,55,"\511,920 ","(\639,936)","\461,575 ","\1,101,511 "
1,北海道,上富良野町,上富良野町立病院,56,"\318,330 ","(\66,567)","\699,534 ","\766,101 "
1,北海道,中富良野町,町立病院,57,"\193,064 ","\80,466 ","\519,326 ","\438,860 "
1,北海道,和寒町,国保町立和寒病院,58,-,-,"\231,042 ",-
1,北海道,下川町,下川病院,59,"\244,464 ",-,-,"\543,119 "
1,北海道,遠別町,遠別町立国保病院,60,"\220,894 ","(\68,556)","\310,453 ","\379,009 "
1,北海道,天塩町,国保病院,61,"\355,345 ","(\553,780)","\154,849 ","\708,629 "
1,北海道,猿払村,国保病院,62,"\248,140 ","(\52,087)","\411,112 ","\463,199 "
1,北海道,浜頓別町,国保病院,63,"\379,086 ","(\560,627)","\216,552 ","\777,179 "
1,北海道,中頓別町,国保病院,64,"\378,465 ","(\114,361)","\446,136 ","\560,497 "
1,北海道,枝幸町,枝幸町国民健康保険病院,65,"\1,467,551 ","(\1,566,183)","\238,084 ","\1,804,267 "
1,北海道,豊富町,豊富町国民健康保険病院,66,"\57,179 ",-,"\813,901 ",-
1,北海道,幌延町,町立病院,67,\89 ,-,-,-
1,北海道,美幌町,国保病院,68,"\416,677 ",-,-,"\1,945,889 "
1,北海道,斜里町,斜里町国民健康保険病院,69,"\593,495 ","\448,312 ","\1,764,705 ","\1,316,393 "
1,北海道,滝上町,国保病院,70,"\21,492 ",-,"\980,350 ",-
1,北海道,興部町,国保病院,71,"\331,438 ",-,-,"\689,292 "
1,北海道,雄武町,国保病院,72,"\450,000 ","(\313,889)","\364,486 ","\678,375 "
1,北海道,豊浦町,国保病院,73,"\251,651 ","(\275,493)","\309,403 ","\584,896 "
1,北海道,白老町,国保病院,74,"\463,541 ","(\480,818)","\354,138 ","\834,956 "
1,北海道,むかわ町,むかわ町鵡川厚生病院,75,"\300,172 ","\139,242 ","\459,493 ","\320,251 "
1,北海道,日高町,門別国保病院,76,"\584,123 ","(\1,052,751)","\1,264 ","\1,054,015 "
1,北海道,平取町,国保病院,77,"\378,746 ","(\78,684)","\708,317 ","\787,001 "
1,北海道,新ひだか町,新ひだか町立静内病院,78,"\439,417 ","(\922,496)","\354,329 ","\1,276,825 "
1,北海道,新ひだか町,新ひだか町立三石国民健康保険病院,79,"\304,121 ","\368,159 ","\859,308 ","\491,149 "
1,北海道,士幌町,国保病院,80,"\413,307 ","(\612,652)","\229,400 ","\842,052 "
1,北海道,鹿追町,国保病院,81,"\234,117 ","(\140,445)","\441,035 ","\581,480 "
1,北海道,芽室町,国保芽室病院,82,"\494,011 ","(\1,648,075)","\387,863 ","\2,035,938 "
1,北海道,大樹町,国保病院,83,"\449,317 ","\324,922 ","\1,360,697 ","\1,035,775 "
1,北海道,広尾町,広尾町国民健康保険病院,84,-,-,"\579,858 ",-
1,北海道,池田町,十勝いけだ地域医療センター,85,"\387,852 ",-,-,"\386,695 "
1,北海道,本別町,国保病院,86,"\534,926 ","(\1,135,786)","\1,408 ","\1,137,194 "
1,北海道,足寄町,国保病院,87,"\481,152 ","(\137,583)","\901,492 ","\1,039,075 "
1,北海道,厚岸町,厚岸病院,88,"\680,000 ","(\505,380)","\714,565 ","\1,219,945 "
1,北海道,標茶町,町立病院,89,"\691,189 ","(\312,945)","\775,901 ","\1,088,846 "
1,北海道,別海町,別海病院,90,"\850,000 ","(\1,549,747)","\694,024 ","\2,243,771 "
1,北海道,中標津町,中標津病院,91,"\1,222,790 ","(\2,664,231)","\1,478,418 ","\4,142,649 "
1,北海道,標津町,標津町国民健康保険標津病院,92,"\635,940 ","\2,436,052 ","\3,379,434 ","\943,382 "
1,北海道,広域紋別病院企業団,広域紋別病院,93,"\1,407,886 ","(\3,321,969)","\364,353 ","\3,686,322 "
1,北海道,利尻島国民健康保険病院組合,利尻島国保中央病院,94,"\268,007 ","\1,219,063 ","\2,081,912 ","\862,849 "
2,青森県,-,中央病院,2,"\2,667,780 ","(\1,935,841)","\24,723,615 ","\26,659,456 "
2,青森県,-,つくしが丘病院,3,"\563,005 ","(\560,553)","\1,217,140 ","\1,777,693 "
2,青森県,青森市,青森市民病院,4,"\1,149,999 ","(\1,344,348)","\8,647,566 ","\9,991,914 "
2,青森県,青森市,浪岡病院,5,"\631,149 ","(\539,134)","\439,340 ","\978,474 "
2,青森県,弘前市,市立病院,6,"\1,332,010 ","(\1,088,169)","\1,366,031 ","\2,454,200 "
2,青森県,八戸市,八戸市民病院,7,"\2,524,791 ","(\842,253)","\19,415,642 ","\20,257,895 "
2,青森県,黒石市,国保黒石病院,8,"\502,976 ","(\410,744)","\3,679,465 ","\4,090,209 "
2,青森県,十和田市,中央病院,9,"\1,254,877 ","(\865,365)","\7,410,342 ","\8,275,707 "
2,青森県,三沢市,市立病院,10,"\788,890 ","(\1,199,639)","\4,500,973 ","\5,700,612 "
2,青森県,平内町,国保平内中央病院,11,"\472,955 ","(\265,291)","\1,138,695 ","\1,403,986 "
2,青森県,外ヶ浜町,外ケ浜中央病院,12,"\331,653 ","(\233,156)","\597,762 ","\830,918 "
2,青森県,大鰐町,町立大鰐病院,13,"\315,950 ","(\275,309)","\366,148 ","\641,457 "
2,青森県,板柳町,国保板柳中央病院,14,"\332,113 ","(\102,689)","\853,190 ","\955,879 "
2,青森県,六戸町,国保病院,15,"\9,000 ",-,-,-
2,青森県,おいらせ町,国民健康保険おいらせ病院,16,"\147,962 ","(\72,287)","\847,509 ","\919,796 "
2,青森県,三戸町,国保三戸中央病院,17,"\617,155 ","(\359,710)","\1,289,600 ","\1,649,310 "
2,青森県,五戸町,国保五戸総合病院,18,"\854,672 ","(\413,505)","\1,966,739 ","\2,380,244 "
2,青森県,南部町,国民健康保険南部町医療センター,19,"\197,052 ","(\274,466)","\853,852 ","\1,128,318 "
2,青森県,中部上北広域事業組合,公立七戸病院,20,"\504,040 ","(\427,200)","\1,576,385 ","\2,003,585 "
2,青森県,一部事務組合下北医療センター,むつ総合病院,21,"\2,032,752 ","(\1,651,231)","\9,242,032 ","\10,893,263 "
2,青森県,一部事務組合下北医療センター,国保大間病院,22,"\232,576 ","(\140,040)","\771,905 ","\911,945 "
2,青森県,一部事務組合下北医療センター,むつリハビリテーション病院,23,"\118,188 ",-,-,"\117,799 "
2,青森県,北部上北広域事務組合,公立野辺地病院,24,"\568,458 ","(\63,482)","\2,612,456 ","\2,675,938 "
2,青森県,つがる西北五広域連合,つがる総合病院,25,"\1,583,940 ","(\1,706,048)","\9,223,109 ","\10,929,157 "
2,青森県,つがる西北五広域連合,かなぎ病院,26,"\373,463 ","(\498,995)","\1,041,915 ","\1,540,910 "
2,青森県,つがる西北五広域連合,鰺ヶ沢病院,27,"\394,051 ","(\415,439)","\1,097,178 ","\1,512,617 "
3,岩手県,-,中央病院,2,"\3,753,449 ","(\1,233,613)","\23,061,357 ","\24,294,970 "
3,岩手県,-,大船渡病院,3,"\2,351,264 ","(\1,679,908)","\7,029,245 ","\8,709,153 "
3,岩手県,-,釜石病院,4,"\806,648 ","(\929,422)","\3,566,464 ","\4,495,886 "
3,岩手県,-,宮古病院,5,"\1,236,050 ","(\587,537)","\5,884,056 ","\6,471,593 "
3,岩手県,-,胆沢病院,6,"\1,780,939 ","(\201,511)","\9,992,900 ","\10,194,411 "
3,岩手県,-,磐井病院,7,"\1,825,540 ","(\595,472)","\8,348,990 ","\8,944,462 "
3,岩手県,-,遠野病院,8,"\873,885 ","(\729,842)","\1,666,298 ","\2,396,140 "
3,岩手県,-,高田病院,9,"\180,247 ","(\615,634)","\489,174 ","\1,104,808 "
3,岩手県,-,久慈病院,10,"\1,778,182 ","(\717,569)","\5,994,392 ","\6,711,961 "
3,岩手県,-,江刺病院,11,"\278,800 ","(\818,168)","\1,172,607 ","\1,990,775 "
3,岩手県,-,千厩病院,12,"\829,487 ","(\887,821)","\1,808,655 ","\2,696,476 "
3,岩手県,-,中部病院,13,"\1,929,117 ","\379,962 ","\13,112,921 ","\12,732,959 "
3,岩手県,-,二戸病院,14,"\1,489,567 ","(\1,205,590)","\4,692,431 ","\5,898,021 "
3,岩手県,-,一戸病院,15,"\1,341,576 ","(\1,385,869)","\1,379,306 ","\2,765,175 "
3,岩手県,-,大槌病院,16,"\463,301 ","(\560,197)","\404,177 ","\964,374 "
3,岩手県,-,山田病院,17,"\413,692 ","(\546,654)","\353,578 ","\900,232 "
3,岩手県,-,軽米病院,18,"\452,708 ","(\313,009)","\900,262 ","\1,213,271 "
3,岩手県,-,大東病院,19,"\500,615 ","(\481,748)","\297,804 ","\779,552 "
3,岩手県,-,東和病院,20,"\415,844 ","(\295,375)","\729,330 ","\1,024,705 "
3,岩手県,-,南光病院,21,"\1,585,298 ","(\1,243,847)","\1,582,371 ","\2,826,218 "
3,岩手県,盛岡市,盛岡市立病院,22,"\792,630 ","(\1,131,490)","\3,194,470 ","\4,325,960 "
3,岩手県,一関市,一関市国民健康保険藤沢病院,23,"\193,254 ","(\63,565)","\928,018 ","\991,583 "
3,岩手県,八幡平市,八幡平市立病院,24,"\790,190 ","(\550,080)","\1,079,527 ","\1,629,607 "
3,岩手県,奥州市,奥州市総合水沢病院,25,"\1,202,242 ","(\1,290,772)","\1,860,426 ","\3,151,198 "
3,岩手県,奥州市,奥州市国民健康保険まごころ病院,26,"\315,809 ","(\288,654)","\746,165 ","\1,034,819 "
3,岩手県,葛巻町,国保葛巻病院,27,"\373,355 ","(\346,182)","\691,853 ","\1,038,035 "
3,岩手県,西和賀町,町立西和賀さわうち病院,28,"\290,927 ","(\262,362)","\640,874 ","\903,236 "
3,岩手県,洋野町,国保種市病院,29,"\280,037 ","(\250,139)","\491,969 ","\742,108 "
4,宮城県,-,精神医療センター（地方独立行政法人宮城県立病院機構）,2,-,-,-,-
4,宮城県,-,がんセンター（地方独立行政法人宮城県立病院機構）,3,-,-,-,-
4,宮城県,-,こども病院（地方独立行政法人宮城県立こども病院）,4,-,-,-,-
4,宮城県,仙台市,市立病院,5,"\2,638,766 ","(\2,127,697)","\15,520,859 ","\17,648,556 "
4,宮城県,石巻市,石巻市立病院,6,"\1,360,711 ","(\1,585,446)","\2,796,932 ","\4,382,378 "
4,宮城県,石巻市,石巻市立牡鹿病院,7,"\412,918 ","(\248,433)","\360,635 ","\609,068 "
4,宮城県,塩竈市,塩竈市立病院,8,"\456,450 ","(\204,292)","\2,620,558 ","\2,824,850 "
4,宮城県,気仙沼市,気仙沼市立病院,9,"\1,509,484 ","(\1,956,683)","\7,971,551 ","\9,928,234 "
4,宮城県,気仙沼市,気仙沼市立本吉病院,10,"\218,832 ","(\180,091)","\421,576 ","\601,667 "
4,宮城県,登米市,登米市立登米市民病院,11,"\1,467,947 ","(\571,920)","\4,206,963 ","\4,778,883 "
4,宮城県,登米市,登米市立米谷病院,12,"\425,473 ","(\488,147)","\830,380 ","\1,318,527 "
4,宮城県,登米市,登米市立豊里病院,13,"\287,484 ","(\236,167)","\986,002 ","\1,222,169 "
4,宮城県,栗原市,栗原市立栗原中央病院,14,"\1,236,848 ","(\975,048)","\5,030,362 ","\6,005,410 "
4,宮城県,栗原市,栗原市立若柳病院,15,"\438,042 ","(\428,508)","\1,263,018 ","\1,691,526 "
4,宮城県,栗原市,栗原市立栗駒病院,16,"\274,224 ","(\211,215)","\521,400 ","\732,615 "
4,宮城県,大崎市,大崎市民病院,17,"\2,202,491 ","(\562,427)","\20,718,058 ","\21,280,485 "
4,宮城県,大崎市,大崎市民病院鳴子温泉分院,18,"\468,935 ","(\407,371)","\385,679 ","\793,050 "
4,宮城県,大崎市,大崎市民病院岩出山分院,19,"\282,671 ","(\186,462)","\588,841 ","\775,303 "
4,宮城県,大崎市,大崎市民病院鹿島台分院,20,"\347,732 ","(\278,140)","\716,464 ","\994,604 "
4,宮城県,蔵王町,蔵王町国民健康保険蔵王病院,21,"\248,256 ","(\217,898)","\185,564 ","\403,462 "
4,宮城県,川崎町,国民健康保険川崎病院,22,"\320,000 ","(\202,124)","\587,293 ","\789,417 "
4,宮城県,丸森町,丸森町国民健康保険丸森病院,23,"\420,499 ","(\165,966)","\952,929 ","\1,118,895 "
4,宮城県,涌谷町,涌谷町国民健康保険病院,24,"\245,012 ","(\256,497)","\1,676,847 ","\1,933,344 "
4,宮城県,美里町,美里町立南郷病院,25,"\275,286 ","(\170,828)","\509,029 ","\679,857 "
4,宮城県,女川町,女川町立病院,26,-,-,-,-
4,宮城県,南三陸町,南三陸病院,27,"\376,964 ","(\404,806)","\1,376,159 ","\1,780,965 "
4,宮城県,白石市外二町組合,公立刈田綜合病院,28,"\1,412,426 ","(\1,047,086)","\2,776,736 ","\3,823,822 "
4,宮城県,黒川地域行政事務組合,公立黒川病院,29,"\497,432 ","(\828,990)","\10,000 ","\838,990 "
4,宮城県,加美郡保健医療福祉行政事務組合,公立加美病院,30,"\512,628 ","(\297,066)","\968,053 ","\1,265,119 "
4,宮城県,みやぎ県南中核病院企業団,みやぎ県南中核病院,31,"\1,779,648 ","(\592,469)","\9,328,452 ","\9,920,921 "
5,秋田県,-,循環器・脳脊髄センター,2,-,-,-,-
5,秋田県,-,リハビリテーション・精神医療センター,3,-,-,-,-
5,秋田県,秋田市,秋田総合病院,4,-,-,-,-
5,秋田県,横手市,横手病院,5,"\460,116 ","(\589,904)","\4,638,587 ","\5,228,491 "
5,秋田県,横手市,大森病院,6,"\346,257 ","(\258,943)","\2,171,177 ","\2,430,120 "
5,秋田県,大館市,総合病院,7,"\1,558,161 ","(\1,410,938)","\9,074,338 ","\10,485,276 "
5,秋田県,大館市,扇田病院,8,"\227,794 ","(\270,705)","\1,050,812 ","\1,321,517 "
5,秋田県,男鹿市,男鹿みなと市民病院,9,"\487,582 ","(\330,942)","\2,046,638 ","\2,377,580 "
5,秋田県,大仙市,大曲病院,10,"\321,981 ","(\206,459)","\628,321 ","\834,780 "
5,秋田県,北秋田市,北秋田市民病院,11,"\728,892 ","(\652,118)","\59,500 ","\711,618 "
5,秋田県,北秋田市,阿仁病院,12,-,-,-,-
5,秋田県,北秋田市,米内沢総合病院,13,"\10,547 ",-,-,-
5,秋田県,仙北市,田沢湖病院,14,"\372,826 ","(\279,069)","\600,696 ","\879,765 "
5,秋田県,仙北市,角館総合病院,15,"\865,986 ","(\782,684)","\3,077,091 ","\3,859,775 "
5,秋田県,羽後町,羽後病院,16,"\350,000 ","(\210,849)","\1,852,844 ","\2,063,693 "
6,山形県,-,中央病院,2,"\4,251,109 ","(\3,254,278)","\19,335,036 ","\22,589,314 "
6,山形県,-,新庄病院,3,"\1,185,519 ","(\912,364)","\7,916,954 ","\8,829,318 "
6,山形県,-,河北病院,4,"\1,133,984 ","(\1,561,662)","\2,205,182 ","\3,766,844 "
6,山形県,-,こころの医療センター,5,"\993,033 ","(\1,069,695)","\1,971,473 ","\3,041,168 "
6,山形県,-,旧日本海病院,6,"\494,225 ",-,-,-
6,山形県,山形市,市立病院済生館,7,"\1,122,739 ","(\873,768)","\11,598,968 ","\12,472,736 "
6,山形県,米沢市,米沢市立病院,8,"\1,730,170 ","(\510,839)","\7,047,512 ","\7,558,351 "
6,山形県,鶴岡市,荘内病院,9,"\1,907,531 ","(\1,338,822)","\10,398,786 ","\11,737,608 "
6,山形県,鶴岡市,湯田川温泉リハビリテーション病院,10,"\123,904 ","(\56,477)","\1,251,089 ","\1,307,566 "
6,山形県,酒田市,八幡病院,11,"\11,656 ",-,-,-
6,山形県,寒河江市,市立病院,12,"\460,000 ","(\302,999)","\1,613,194 ","\1,916,193 "
6,山形県,天童市,天童市民病院,13,"\411,746 ","(\14,213)","\1,543,707 ","\1,557,920 "
6,山形県,西川町,町立病院,14,"\270,000 ","(\280,720)","\417,244 ","\697,964 "
6,山形県,朝日町,町立病院,15,"\309,179 ","(\286,838)","\466,523 ","\753,361 "
6,山形県,最上町,町立最上病院,16,"\437,721 ","(\362,930)","\622,195 ","\985,125 "
6,山形県,真室川町,町立真室川病院,17,"\354,000 ","(\317,157)","\734,022 ","\1,051,179 "
6,山形県,高畠町,公立高畠病院,18,"\489,126 ","(\127,077)","\2,324,989 ","\2,452,066 "
6,山形県,小国町,町立病院,19,"\384,436 ","(\243,708)","\745,346 ","\989,054 "
6,山形県,白鷹町,白鷹町立病院,20,"\290,000 ","(\311,496)","\831,252 ","\1,142,748 "
6,山形県,北村山公立病院組合,北村山公立病院,21,"\948,305 ","(\605,700)","\4,572,683 ","\5,178,383 "
6,山形県,置賜広域病院企業団,公立置賜総合病院,22,"\2,649,659 ","(\820,468)","\12,844,487 ","\13,664,955 "
6,山形県,置賜広域病院企業団,公立置賜長井病院,23,"\338,749 ","(\201,667)","\868,214 ","\1,069,881 "
6,山形県,置賜広域病院企業団,公立置賜南陽病院,24,"\199,001 ","(\168,143)","\803,742 ","\971,885 "
7,福島県,-,南会津病院,2,"\1,385,934 ","(\1,087,177)","\1,352,214 ","\2,439,391 "
7,福島県,-,宮下病院,3,"\621,789 ","(\547,934)","\232,885 ","\780,819 "
7,福島県,-,大野病院,4,"\35,959 ","(\114,644)",\756 ,"\115,400 "
7,福島県,-,矢吹病院,5,"\1,271,206 ","(\1,136,338)","\845,461 ","\1,981,799 "
7,福島県,-,ふたば医療センター,6,"\280,589 ","(\1,271,501)","\219,463 ","\1,490,964 "
7,福島県,いわき市,いわき市医療センター,7,"\3,261,850 ","(\3,336,090)","\17,852,445 ","\21,188,535 "
7,福島県,田村市,たむら市民病院,8,"\71,784 ",-,-,"\102,760 "
7,福島県,南相馬市,南相馬市立総合病院,9,"\854,905 ","(\1,026,761)","\3,740,516 ","\4,767,277 "
7,福島県,猪苗代町,猪苗代町立猪苗代病院,10,"\59,201 ",-,-,"\70,503 "
7,福島県,泉崎村,国保泉崎村立病院,11,"\12,241 ",-,-,-
7,福島県,三春町,三春病院,12,"\97,814 ",-,-,"\125,313 "
7,福島県,公立藤田病院組合,公立藤田総合病院,13,"\626,718 ","(\453,296)","\5,680,420 ","\6,133,716 "
7,福島県,公立岩瀬病院企業団,公立岩瀬病院,14,"\750,913 ","(\948,201)","\5,252,003 ","\6,200,204 "
7,福島県,公立小野町地方綜合病院企業団,公立小野町地方綜合病院,15,"\185,694 ","(\112,210)","\1,746,011 ","\1,858,221 "
7,福島県,相馬方部衛生組合,公立相馬総合病院,16,"\610,616 ","(\630,327)","\3,070,777 ","\3,701,104 "
8,茨城県,-,中央病院,2,"\3,374,604 ","(\3,779,861)","\14,549,402 ","\18,329,263 "
8,茨城県,-,こころの医療センター,3,"\1,191,664 ","(\1,168,404)","\2,830,445 ","\3,998,849 "
8,茨城県,-,こども病院,4,"\1,496,103 ","(\1,191,818)","\41,725 ","\1,233,543 "
8,茨城県,北茨城市,北茨城市民病院,5,"\313,927 ","(\616,467)","\2,825,686 ","\3,442,153 "
8,茨城県,笠間市,笠間市立病院,6,"\153,163 ","(\31,130)","\867,319 ","\898,449 "
8,茨城県,筑西市,筑西市民病院,7,-,-,-,-
8,茨城県,桜川市,さくらがわ地域医療センター,8,"\443,942 ","(\495,120)","\6,599 ","\501,719 "
8,茨城県,東海村,東海病院,9,"\365,189 ","(\275,433)","\7,780 ","\283,213 "
9,栃木県,-,岡本台病院,2,"\944,169 ","(\1,226,435)","\1,529,747 ","\2,756,182 "
9,栃木県,-,がんセンター（地方独立行政法人栃木県立がんセンター）,3,-,-,-,-
9,栃木県,-,とちぎリハビリテーションセンター（地方独立行政法人栃木県立リ,4,-,-,-,-
9,栃木県,佐野市,佐野市民病院,5,"\164,101 ",-,-,-
9,栃木県,南那須地区広域行政事務組合（事業会計分）,那須南病院,6,"\593,954 ","(\418,022)","\2,305,060 ","\2,723,082 "
10,群馬県,-,心臓血管センター,2,"\1,311,497 ","(\1,022,093)","\8,470,438 ","\9,492,531 "
10,群馬県,-,がんセンター,3,"\1,430,599 ","(\1,611,606)","\9,110,015 ","\10,721,621 "
10,群馬県,-,精神医療センター,4,"\1,054,713 ","(\704,588)","\2,091,410 ","\2,795,998 "
10,群馬県,-,小児医療センター,5,"\1,857,715 ","(\1,935,055)","\4,544,387 ","\6,479,442 "
10,群馬県,伊勢崎市,伊勢崎市民病院,6,"\906,877 ","(\461,227)","\14,751,262 ","\15,212,489 "
10,群馬県,藤岡市,藤岡市国民健康保険鬼石病院,7,"\160,554 ","(\105,990)","\1,040,580 ","\1,146,570 "
10,群馬県,安中市,公立碓氷病院,8,"\795,000 ","(\561,597)","\1,981,352 ","\2,542,949 "
10,群馬県,桐生地域医療組合,桐生厚生総合病院,9,"\1,025,300 ","(\803,952)","\9,314,102 ","\10,118,054 "
10,群馬県,多野藤岡医療事務市町村組合,公立藤岡総合病院,10,"\767,513 ","(\882,333)","\10,573,919 ","\11,456,252 "
10,群馬県,邑楽館林医療事務組合（事業会計分）,館林厚生病院,11,"\1,047,733 ","(\702,852)","\7,794,746 ","\8,497,598 "
10,群馬県,富岡地域医療企業団,富岡総合病院,12,"\363,240 ","(\611,962)","\8,684,597 ","\9,296,559 "
10,群馬県,富岡地域医療企業団,七日市病院,13,"\74,464 ","\27,545 ","\1,806,656 ","\1,779,111 "
10,群馬県,下仁田南牧医療事務組合,下仁田厚生病院,14,"\624,157 ","(\387,562)","\994,202 ","\1,381,764 "
10,群馬県,吾妻広域町村圏振興整備組合（事業会計分）,中之条病院,15,"\57,248 ",-,-,"\57,162 "
10,群馬県,西吾妻福祉病院組合（事業会計分）,西吾妻福祉病院,16,"\450,560 ","(\360,524)","\36,895 ","\397,419 "
11,埼玉県,-,循環器・呼吸器病センター,2,-,-,-,-
11,埼玉県,-,がんセンター,3,-,-,-,-
11,埼玉県,-,小児医療センター,4,-,-,-,-
11,埼玉県,-,精神医療センター,5,-,-,-,-
11,埼玉県,-,総合リハビリテーションセンター,6,"\3,429,160 ","(\1,504,337)","\1,785,553 ","\3,289,890 "
11,埼玉県,さいたま市,市立病院,7,"\3,736,500 ","(\4,959,671)","\18,069,632 ","\23,029,303 "
11,埼玉県,川口市,医療センター,8,"\2,462,229 ","(\1,844,178)","\16,644,843 ","\18,489,021 "
11,埼玉県,秩父市,市立病院,9,"\404,126 ","(\351,075)","\2,439,627 ","\2,790,702 "
11,埼玉県,所沢市,市民医療センタ−,10,"\393,320 ","(\471,349)","\1,401,653 ","\1,873,002 "
11,埼玉県,東松山市,市民病院,11,"\520,000 ","(\423,830)","\2,870,717 ","\3,294,547 "
11,埼玉県,春日部市,春日部市立医療センター,12,"\1,276,994 ","(\1,313,151)","\9,966,210 ","\11,279,361 "
11,埼玉県,草加市,草加市立病院,13,"\1,800,000 ","(\1,381,504)","\10,725,456 ","\12,106,960 "
11,埼玉県,越谷市,越谷市立病院,14,"\1,300,000 ","(\1,780,766)","\9,641,331 ","\11,422,097 "
11,埼玉県,蕨市,市立病院,15,"\257,572 ","(\236,981)","\2,726,076 ","\2,963,057 "
11,埼玉県,小鹿野町,国民健康保険町立小鹿野中央病院,16,"\284,303 ","(\185,914)","\1,050,263 ","\1,236,177 "
12,千葉県,-,循環器病センター,2,"\2,371,471 ","(\2,738,937)","\5,356,074 ","\8,095,011 "
12,千葉県,-,佐原病院,3,"\890,267 ","(\1,991,786)","\3,193,039 ","\5,184,825 "
12,千葉県,-,精神科医療センター,4,"\579,452 ","(\379,076)","\1,063,445 ","\1,442,521 "
12,千葉県,-,がんセンター,5,"\4,731,976 ","(\5,704,115)","\13,788,892 ","\19,493,007 "
12,千葉県,-,救急医療センター,6,"\2,635,387 ","\63,645 ","\5,609,984 ","\5,546,339 "
12,千葉県,-,こども病院,7,"\3,382,879 ","(\3,525,922)","\7,861,714 ","\11,387,636 "
12,千葉県,千葉市,青葉病院,8,"\3,280,966 ","(\1,884,477)","\9,741,057 ","\11,625,534 "
12,千葉県,千葉市,海浜病院,9,"\1,900,373 ","(\1,269,106)","\7,783,971 ","\9,053,077 "
12,千葉県,銚子市,銚子市立病院,10,"\309,534 ",-,-,"\528,861 "
12,千葉県,市川市,リハビリテーション病院,11,"\192,916 ",-,-,-
12,千葉県,船橋市,医療センター,12,"\2,000,000 ","(\1,328,603)","\15,725,064 ","\17,053,667 "
12,千葉県,松戸市,松戸市立総合医療センター,13,"\2,337,487 ","(\3,473,973)","\17,606,929 ","\21,080,902 "
12,千葉県,松戸市,福祉医療センター東松戸病院,14,"\605,917 ","(\762,749)","\1,434,858 ","\2,197,607 "
12,千葉県,旭市,総合病院国保旭中央病院,15,"\1,638,333 ",-,-,-
12,千葉県,柏市,柏病院,16,"\365,440 ","(\199,681)","\84,200 ","\283,881 "
12,千葉県,鴨川市,国保病院,17,"\258,967 ","(\228,374)","\994,015 ","\1,222,389 "
12,千葉県,南房総市,南房総市立富山国保病院,18,"\100,610 ","(\305,951)","\291,416 ","\597,367 "
12,千葉県,匝瑳市,国保匝瑳市民病院,19,"\526,024 ","(\566,292)","\1,518,686 ","\2,084,978 "
12,千葉県,香取市,香取おみがわ医療センター,20,"\571,109 ","(\373,494)","\2,914,894 ","\3,288,388 "
12,千葉県,大網白里市,国保大網病院,21,"\400,000 ","(\133,756)","\2,386,741 ","\2,520,497 "
12,千葉県,多古町,国保多古中央病院,22,"\592,896 ","(\680,818)","\1,527,002 ","\2,207,820 "
12,千葉県,東庄町,国保東庄病院,23,"\239,126 ","(\136,709)","\844,017 ","\980,726 "
12,千葉県,横芝光町,東陽病院,24,"\440,851 ","(\474,544)","\1,059,442 ","\1,533,986 "
12,千葉県,鋸南町,国保鋸南病院,25,"\84,104 ","(\102,567)","\1,700 ","\104,267 "
12,千葉県,組合立国保成東病院,国保成東病院,26,"\61,043 ",-,-,-
12,千葉県,国保国吉病院組合,いすみ医療センター,27,"\607,980 ","(\521,813)","\2,104,202 ","\2,626,015 "
12,千葉県,君津中央病院企業団,君津中央病院,28,"\1,583,313 ","(\578,936)","\20,112,571 ","\20,691,507 "
12,千葉県,君津中央病院企業団,君津中央病院大佐和分院,29,"\48,000 ","(\68,153)","\610,884 ","\679,037 "
12,千葉県,長生郡市広域市町村圏組合（事業会計分）,公立長生病院,30,"\788,717 ","(\747,009)","\2,307,843 ","\3,054,852 "
13,東京都,-,広尾病院,2,"\2,582,510 ","(\5,922,356)","\7,835,177 ","\13,757,533 "
13,東京都,-,大塚病院,3,"\3,804,492 ","(\4,543,727)","\9,607,269 ","\14,150,996 "
13,東京都,-,駒込病院,4,"\5,955,923 ","(\6,524,220)","\28,329,191 ","\34,853,411 "
13,東京都,-,墨東病院,5,"\6,058,291 ","(\6,361,238)","\22,351,041 ","\28,712,279 "
13,東京都,-,多摩総合医療センター,6,"\5,803,201 ","(\6,165,207)","\29,051,951 ","\35,217,158 "
13,東京都,-,神経病院,7,"\3,544,465 ","(\3,970,248)","\3,799,857 ","\7,770,105 "
13,東京都,-,松沢病院,8,"\4,551,664 ","(\6,164,535)","\6,916,927 ","\13,081,462 "
13,東京都,-,小児総合医療センター,9,"\6,675,140 ","(\6,818,607)","\13,283,832 ","\20,102,439 "
13,東京都,青梅市,総合病院,10,"\665,933 ","(\1,197,437)","\15,901,980 ","\17,099,417 "
13,東京都,町田市,町田市民病院,11,"\1,062,000 ","(\1,697,523)","\11,533,038 ","\13,230,561 "
13,東京都,日野市,市立病院,12,"\975,749 ","(\1,365,710)","\6,601,986 ","\7,967,696 "
13,東京都,稲城市,市立病院,13,"\682,685 ","(\1,801,724)","\5,144,593 ","\6,946,317 "
13,東京都,奥多摩町,奥多摩病院,14,"\7,086 ","(\212,767)","\254,147 ","\466,914 "
13,東京都,八丈町,八丈病院,15,"\268,236 ","(\616,942)","\720,084 ","\1,337,026 "
13,東京都,阿伎留病院企業団,阿伎留医療センター,16,"\1,043,454 ","(\1,812,141)","\5,783,720 ","\7,595,861 "
13,東京都,昭和病院企業団,公立昭和病院,17,"\1,532,900 ","(\1,500,231)","\17,324,869 ","\18,825,100 "
13,東京都,福生病院企業団,公立福生病院,18,"\1,096,810 ","(\1,532,801)","\6,850,896 ","\8,383,697 "
14,神奈川県,-,足柄上病院,2,-,-,-,-
14,神奈川県,-,汐見台病院,3,-,-,-,-
14,神奈川県,-,がんセンター,4,-,-,-,-
14,神奈川県,-,循環器呼吸器病センター,5,-,-,-,-
14,神奈川県,-,こども医療センター,6,-,-,-,-
14,神奈川県,横浜市,市民病院,7,"\1,982,599 ","(\1,253,890)","\26,862,636 ","\28,116,526 "
14,神奈川県,横浜市,みなと赤十字病院,8,"\2,180,779 ","(\3,764,808)","\53,957 ","\3,818,765 "
14,神奈川県,横浜市,脳卒中・神経脊椎センター,9,"\3,004,325 ","(\2,116,627)","\5,913,118 ","\8,029,745 "
14,神奈川県,川崎市,川崎病院,10,"\4,556,942 ","(\1,831,555)","\19,071,791 ","\20,903,346 "
14,神奈川県,川崎市,井田病院,11,"\1,983,582 ","(\3,000,956)","\7,122,045 ","\10,123,001 "
14,神奈川県,川崎市,多摩病院,12,"\1,419,486 ","(\399,046)","\1,002,207 ","\1,401,253 "
14,神奈川県,横須賀市,市民病院,13,"\620,000 ","(\2,790,014)","\413,409 ","\3,203,423 "
14,神奈川県,横須賀市,うわまち病院,14,"\381,000 ","(\2,952,441)","\270,086 ","\3,222,527 "
14,神奈川県,平塚市,平塚市民病院,15,"\1,740,811 ","(\1,407,584)","\12,483,642 ","\13,891,226 "
14,神奈川県,藤沢市,藤沢市民病院,16,"\1,638,446 ","(\1,409,385)","\19,034,726 ","\20,444,111 "
14,神奈川県,小田原市,市立病院,17,"\1,400,000 ","(\447,392)","\12,833,886 ","\13,281,278 "
14,神奈川県,茅ヶ崎市,市立病院,18,"\1,526,799 ","(\1,393,215)","\10,337,987 ","\11,731,202 "
14,神奈川県,三浦市,市立病院,19,"\388,123 ","(\98,366)","\2,406,460 ","\2,504,826 "
14,神奈川県,厚木市,市立病院,20,"\1,688,206 ","(\1,208,405)","\9,331,774 ","\10,540,179 "
14,神奈川県,大和市,市立病院,21,"\1,758,383 ","(\1,997,673)","\9,532,809 ","\11,530,482 "
15,新潟県,-,松代病院,2,"\391,754 ","(\336,998)","\481,606 ","\818,604 "
15,新潟県,-,柿崎病院,3,"\464,831 ","(\380,671)","\637,251 ","\1,017,922 "
15,新潟県,-,津川病院,4,"\631,594 ","(\518,739)","\642,796 ","\1,161,535 "
15,新潟県,-,妙高病院,5,"\544,862 ","(\439,999)","\581,442 ","\1,021,441 "
15,新潟県,-,リウマチセンター,6,"\409,625 ","(\471,212)","\1,485,012 ","\1,956,224 "
15,新潟県,-,坂町病院,7,"\397,074 ","(\891,539)","\1,757,049 ","\2,648,588 "
15,新潟県,-,六日町病院,8,"\6,811 ",-,-,-
15,新潟県,-,加茂病院,9,"\460,887 ","(\1,154,327)","\1,194,858 ","\2,349,185 "
15,新潟県,-,十日町病院,10,"\706,593 ","(\1,573,330)","\4,287,675 ","\5,861,005 "
15,新潟県,-,小出病院,11,"\13,774 ",-,-,-
15,新潟県,-,中央病院,12,"\2,689,977 ","(\1,128,749)","\15,252,029 ","\16,380,778 "
15,新潟県,-,吉田病院,13,"\520,802 ","(\1,129,838)","\2,273,552 ","\3,403,390 "
15,新潟県,-,がんセンター,14,"\1,675,492 ","(\932,744)","\14,934,968 ","\15,867,712 "
15,新潟県,-,新発田病院,15,"\2,727,375 ","(\1,763,946)","\14,446,381 ","\16,210,327 "
15,新潟県,-,精神医療センター,16,"\2,130,765 ","(\1,780,462)","\1,036,322 ","\2,816,784 "
15,新潟県,-,魚沼基幹病院,17,"\2,567,952 ","(\2,877,484)","\451,731 ","\3,329,215 "
15,新潟県,-,県央基幹病院,18,"\1,153,632 ",-,-,-
15,新潟県,-,燕労災病院,19,"\519,188 ","(\330,741)","\120,570 ","\451,311 "
15,新潟県,新潟市,新潟市民病院,20,"\3,608,271 ","(\3,595,019)","\21,409,100 ","\25,004,119 "
15,新潟県,見附市,見附市立病院,21,"\396,000 ","(\401,886)","\1,794,467 ","\2,196,353 "
15,新潟県,上越市,上越地域医療センター病院,22,"\268,941 ","(\352,987)","\2,233,556 ","\2,586,543 "
15,新潟県,阿賀野市,あがの市民病院,23,"\233,818 ","(\698,489)","\5,508 ","\703,997 "
15,新潟県,佐渡市,佐渡市立両津病院,24,"\241,893 ","(\202,769)","\1,076,184 ","\1,278,953 "
15,新潟県,佐渡市,佐渡市立相川病院,25,"\225,780 ","(\220,061)","\241,014 ","\461,075 "
15,新潟県,魚沼市,堀之内病院,26,"\39,924 ",-,-,-
15,新潟県,魚沼市,小出病院,27,"\706,411 ","(\816,390)","\41,385 ","\857,775 "
15,新潟県,南魚沼市,ゆきぐに大和病院,28,"\182,868 ","(\142,243)","\1,185,572 ","\1,327,815 "
15,新潟県,南魚沼市,南魚沼市民病院,29,"\719,333 ","(\655,878)","\3,373,266 ","\4,029,144 "
15,新潟県,湯沢町,湯沢病院,30,"\296,418 ","(\208,876)","\40,943 ","\249,819 "
15,新潟県,津南町,津南病院,31,"\317,436 ","(\226,629)","\1,033,230 ","\1,259,859 "
15,新潟県,さくら福祉保健事務組合,南部郷厚生病院,32,"\71,217 ","\5,962 ","\206,269 ","\200,307 "
16,富山県,-,中央病院,2,"\2,156,236 ","(\2,247,929)","\25,428,302 ","\27,676,231 "
16,富山県,-,富山県リハビリテーション病院・こども支援センター,3,"\766,409 ",-,-,"\893,160 "
16,富山県,富山市,富山市民病院,4,"\1,138,075 ","(\1,421,176)","\10,222,342 ","\11,643,518 "
16,富山県,富山市,富山まちなか病院,5,"\43,974 ","(\110,592)","\793,522 ","\904,114 "
16,富山県,高岡市,高岡市民病院,6,"\986,417 ","(\618,482)","\7,791,350 ","\8,409,832 "
16,富山県,氷見市,金沢医科大学 氷見市民病院,7,"\864,692 ","(\939,997)","\239,666 ","\1,179,663 "
16,富山県,黒部市,黒部市民病院,8,"\658,980 ","(\389,387)","\10,278,306 ","\10,667,693 "
16,富山県,砺波市,市立砺波総合病院,9,"\1,100,000 ","(\906,951)","\9,727,554 ","\10,634,505 "
16,富山県,南砺市,南砺市民病院,10,"\630,975 ","(\463,414)","\3,114,470 ","\3,577,884 "
16,富山県,南砺市,公立南砺中央病院,11,"\650,539 ","(\183,326)","\2,185,629 ","\2,368,955 "
16,富山県,射水市,射水市民病院,12,"\808,015 ","(\348,706)","\3,351,646 ","\3,700,352 "
16,富山県,上市町,かみいち総合病院,13,"\676,628 ","(\77,294)","\3,610,915 ","\3,688,209 "
16,富山県,朝日町,あさひ総合病院,14,"\582,615 ","(\369,280)","\2,661,093 ","\3,030,373 "
17,石川県,-,中央病院,2,"\2,440,761 ","(\2,770,884)","\19,428,417 ","\22,199,301 "
17,石川県,-,こころの病院,3,"\1,052,047 ","(\738,886)","\2,388,523 ","\3,127,409 "
17,石川県,金沢市,市立病院,4,"\691,333 ","(\758,743)","\4,649,059 ","\5,407,802 "
17,石川県,七尾市,公立能登総合病院,5,"\1,212,218 ","(\87,114)","\7,979,351 ","\8,066,465 "
17,石川県,小松市,小松市民病院,6,"\653,362 ","(\1,379,746)","\6,988,011 ","\8,367,757 "
17,石川県,輪島市,市立輪島病院,7,"\718,583 ","(\313,485)","\2,913,742 ","\3,227,227 "
17,石川県,珠洲市,珠洲市総合病院,8,"\662,463 ","(\380,571)","\3,352,597 ","\3,733,168 "
17,石川県,加賀市,加賀市医療センター,9,"\1,243,023 ","(\1,498,964)","\6,151,786 ","\7,650,750 "
17,石川県,能美市,国民健康保険能美市立病院,10,"\478,052 ","(\463,835)","\1,430,072 ","\1,893,907 "
17,石川県,津幡町,公立河北中央病院,11,"\224,441 ","(\75,200)","\1,167,912 ","\1,243,112 "
17,石川県,志賀町,富来病院,12,"\302,299 ","(\15,230)","\1,200,805 ","\1,216,035 "
17,石川県,宝達志水町,町立宝達志水病院,13,"\334,470 ","(\294,204)","\954,926 ","\1,249,130 "
17,石川県,穴水町,公立穴水総合病院,14,"\350,000 ","(\302,299)","\1,891,308 ","\2,193,607 "
17,石川県,能登町,公立宇出津総合病院,15,"\306,961 ","(\269,005)","\1,984,942 ","\2,253,947 "
17,石川県,羽咋郡市広域圏事務組合（事業会計分）,公立羽咋病院,16,"\325,973 ","(\323,841)","\3,202,926 ","\3,526,767 "
17,石川県,白山石川医療企業団,公立松任石川中央病院,17,"\988,317 ","(\422,110)","\9,419,864 ","\9,841,974 "
17,石川県,白山石川医療企業団,公立つるぎ病院,18,"\333,684 ","(\328,564)","\2,678,148 ","\3,006,712 "
18,福井県,-,県立病院,2,"\3,293,449 ","(\4,000,229)","\19,577,226 ","\23,577,455 "
18,福井県,-,すこやかシルバー病院,3,"\321,027 ","(\177,428)","\577,115 ","\754,543 "
18,福井県,敦賀市,市立敦賀病院,4,"\1,067,255 ","(\515,493)","\7,355,312 ","\7,870,805 "
18,福井県,坂井市,坂井市立三国病院,5,"\500,000 ","(\275,974)","\1,762,868 ","\2,038,842 "
18,福井県,越前町,国保織田病院,6,"\185,490 ","(\97,628)","\36,294 ","\133,922 "
18,福井県,公立小浜病院組合,小浜病院,7,"\1,096,908 ","(\761,591)","\6,985,330 ","\7,746,921 "
18,福井県,公立小浜病院組合,レイクヒルズ美方病院,8,"\324,288 ","(\226,066)","\738,106 ","\964,172 "
18,福井県,公立丹南病院組合,丹南病院,9,"\311,428 ","(\133,433)","\173,146 ","\306,579 "
19,山梨県,-,中央病院,2,-,-,-,-
19,山梨県,-,北病院,3,-,-,-,-
19,山梨県,甲府市,甲府病院,4,"\1,830,001 ","(\1,045,678)","\7,486,891 ","\8,532,569 "
19,山梨県,富士吉田市,国保市立病院,5,"\927,729 ","(\1,179,060)","\6,920,020 ","\8,099,080 "
19,山梨県,都留市,都留市立病院,6,"\750,397 ","(\526,694)","\2,536,136 ","\3,062,830 "
19,山梨県,山梨市,牧丘病院,7,"\35,058 ",-,-,"\4,181 "
19,山梨県,大月市,中央病院,8,-,-,-,-
19,山梨県,韮崎市,国保市立病院,9,"\269,425 ","(\254,145)","\2,275,717 ","\2,529,862 "
19,山梨県,北杜市,塩川病院,10,"\332,237 ","(\209,068)","\1,426,226 ","\1,635,294 "
19,山梨県,北杜市,甲陽病院,11,"\429,027 ","(\150,886)","\1,569,599 ","\1,720,485 "
19,山梨県,上野原市,上野原市立病院,12,"\284,549 ","(\316,508)","\54,802 ","\371,310 "
19,山梨県,甲州市,勝沼病院,13,"\17,139 ",-,-,"\16,206 "
19,山梨県,身延町早川町国民健康保険病院一部組合,飯富病院,14,"\107,897 ","(\189,218)","\1,061,708 ","\1,250,926 "
19,山梨県,峡南医療センター企業団,市川三郷病院,15,"\285,971 ","(\183,122)","\969,767 ","\1,152,889 "
19,山梨県,峡南医療センター企業団,富士川病院,16,"\380,538 ","(\216,084)","\2,346,775 ","\2,562,859 "
20,長野県,-,長野県立病院機構,2,-,-,-,-
20,長野県,長野市,長野市民病院,3,-,-,-,-
20,長野県,松本市,松本市立病院,4,"\621,356 ","(\603,909)","\4,325,524 ","\4,929,433 "
20,長野県,上田市,上田市立産婦人科病院,5,"\170,000 ","(\243,036)","\269,169 ","\512,205 "
20,長野県,岡谷市,岡谷市民病院,6,"\670,800 ","(\589,609)","\6,057,929 ","\6,647,538 "
20,長野県,飯田市,飯田市立病院,7,"\1,431,150 ","(\936,590)","\12,459,272 ","\13,395,862 "
20,長野県,大町市,大町総合病院,8,"\882,430 ","(\275,065)","\4,335,009 ","\4,610,074 "
20,長野県,佐久市,国保浅間総合病院,9,"\818,066 ","(\992,543)","\6,652,343 ","\7,644,886 "
20,長野県,東御市,東御市民病院,10,"\252,106 ","(\278,038)","\1,570,290 ","\1,848,328 "
20,長野県,佐久穂町,佐久穂町立千曲病院,11,"\311,142 ","(\219,199)","\1,314,178 ","\1,533,377 "
20,長野県,軽井沢町,国保軽井沢病院,12,"\695,000 ","(\705,036)","\1,677,614 ","\2,382,650 "
20,長野県,辰野町,辰野病院,13,"\450,000 ","(\349,594)","\1,829,769 ","\2,179,363 "
20,長野県,信濃町,信越病院,14,"\454,254 ","(\293,130)","\1,049,232 ","\1,342,362 "
20,長野県,飯綱町,飯綱町立飯綱病院,15,"\430,197 ","(\281,338)","\1,752,803 ","\2,034,141 "
20,長野県,伊那中央行政組合（事業会計分）,伊那中央病院,16,"\1,664,860 ","(\1,677,217)","\11,827,610 ","\13,504,827 "
20,長野県,伊南行政組合,昭和伊南総合病院,17,"\729,830 ","(\644,154)","\6,508,644 ","\7,152,798 "
20,長野県,諏訪中央病院組合,組合立諏訪中央病院,18,"\626,054 ","(\301,316)","\9,491,005 ","\9,792,321 "
20,長野県,依田窪医療福祉事務組合,国保依田窪病院,19,"\555,483 ","(\475,365)","\2,370,382 ","\2,845,747 "
21,岐阜県,-,岐阜県総合医療センター,2,-,-,-,-
21,岐阜県,-,多治見病院,3,-,-,-,-
21,岐阜県,-,下呂温泉病院,4,-,-,-,-
21,岐阜県,岐阜市,岐阜市民病院,5,"\2,222,364 ","(\892,765)","\20,520,988 ","\21,413,753 "
21,岐阜県,大垣市,大垣市民病院,6,"\338,897 ","\1,668,155 ","\34,465,503 ","\32,797,348 "
21,岐阜県,多治見市,多治見市民病院,7,"\551,773 ","(\500,047)","\90,308 ","\590,355 "
21,岐阜県,中津川市,総合病院 中津川市民病院,8,"\950,762 ","(\716,741)","\7,654,807 ","\8,371,548 "
21,岐阜県,美濃市,美濃病院,9,"\212,070 ","(\11,190)","\2,502,908 ","\2,514,098 "
21,岐阜県,羽島市,羽島市民病院,10,"\701,010 ","(\1,146,016)","\4,364,733 ","\5,510,749 "
21,岐阜県,恵那市,市立恵那病院,11,"\554,481 ","(\532,419)","\193,158 ","\725,577 "
21,岐阜県,恵那市,国民健康保険上矢作病院,12,"\208,861 ","(\120,956)","\754,819 ","\875,775 "
21,岐阜県,土岐市,土岐市立総合病院・駄知診療所,13,"\801,695 ","(\710,153)","\4,264 ","\714,417 "
21,岐阜県,飛騨市,国民健康保険飛騨市民病院,14,"\278,585 ","(\221,286)","\1,197,916 ","\1,419,202 "
21,岐阜県,郡上市,郡上市民病院,15,"\312,991 ","(\491,452)","\2,396,892 ","\2,888,344 "
21,岐阜県,郡上市,県北西部地域医療センター国保白鳥病院,16,"\240,718 ","(\136,923)","\976,307 ","\1,113,230 "
21,岐阜県,下呂市,下呂市立金山病院,17,"\349,199 ","(\375,959)","\1,004,147 ","\1,380,106 "
21,岐阜県,関ケ原町,国保関ケ原病院,18,-,-,-,-
21,岐阜県,東白川村,国保病院,19,-,-,-,-
22,静岡県,-,静岡がんセンター,2,"\6,887,768 ","(\4,234,588)","\32,229,989 ","\36,464,577 "
22,静岡県,-,想定企業会計（静岡県立病院機構）,3,-,-,-,-
22,静岡県,静岡市,静岡市立静岡病院,4,"\342,000 ",-,-,-
22,静岡県,静岡市,静岡市立清水病院,5,"\3,262,074 ","(\2,461,779)","\9,348,792 ","\11,810,571 "
22,静岡県,浜松市,浜松医療センター,6,"\1,694,423 ","(\3,525,291)","\279,031 ","\3,804,322 "
22,静岡県,浜松市,浜松市リハビリテーション病院,7,"\405,905 ","(\293,035)","\3,580,884 ","\3,873,919 "
22,静岡県,浜松市,浜松市国民健康保険佐久間病院,8,"\686,732 ","(\590,291)","\497,871 ","\1,088,162 "
22,静岡県,沼津市,市立病院,9,"\2,100,454 ","(\1,202,576)","\9,378,571 ","\10,581,147 "
22,静岡県,富士宮市,富士宮市立病院,10,"\1,700,000 ","(\1,309,190)","\9,038,273 ","\10,347,463 "
22,静岡県,伊東市,伊東市民病院,11,"\370,000 ","(\256,920)","\55,000 ","\311,920 "
22,静岡県,島田市,島田市立総合医療センター,12,"\1,569,204 ","(\1,396,352)","\12,339,156 ","\13,735,508 "
22,静岡県,富士市,中央病院,13,"\1,348,205 ","(\1,301,549)","\13,009,009 ","\14,310,558 "
22,静岡県,磐田市,磐田市立総合病院,14,"\1,831,864 ","(\1,466,490)","\15,936,101 ","\17,402,591 "
22,静岡県,焼津市,焼津市立総合病院,15,"\1,526,842 ","(\1,242,874)","\11,949,370 ","\13,192,244 "
22,静岡県,藤枝市,藤枝市立総合病院,16,"\1,930,000 ","(\545,579)","\17,781,943 ","\18,327,522 "
22,静岡県,袋井市,袋井市民病院,17,-,-,-,-
22,静岡県,袋井市,聖隷袋井市民病院,18,"\330,481 ","(\292,332)","\1,507,277 ","\1,799,609 "
22,静岡県,湖西市,市立湖西病院,19,"\1,001,973 ","(\754,001)","\2,179,610 ","\2,933,611 "
22,静岡県,御前崎市,市立御前崎総合病院,20,"\1,078,120 ","(\845,600)","\3,997,631 ","\4,843,231 "
22,静岡県,菊川市,菊川市立総合病院,21,"\1,150,000 ","(\692,255)","\4,549,252 ","\5,241,507 "
22,静岡県,森町,公立森町病院,22,"\500,000 ","(\340,828)","\2,266,571 ","\2,607,399 "
22,静岡県,共立蒲原総合病院組合（事業会計分）,共立蒲原総合病院,23,"\859,729 ","(\217,473)","\3,713,316 ","\3,930,789 "
22,静岡県,榛原総合病院組合（事業会計分）,榛原総合病院,24,"\1,180,000 ","(\706,991)","\178,440 ","\885,431 "
22,静岡県,一部事務組合下田メディカルセンター（事業会計分）,下田メディカルセンター,25,"\288,749 ","(\247,252)","\72,511 ","\319,763 "
22,静岡県,掛川市・袋井市病院企業団,掛川市・袋井市病院企業団立中東遠総合医療センター,26,"\1,726,110 ","(\1,296,722)","\16,017,025 ","\17,313,747 "
23,愛知県,-,精神医療センター,2,"\1,097,745 ","(\1,551,360)","\2,112,224 ","\3,663,584 "
23,愛知県,-,愛知病院,3,"\602,321 ",-,-,"\180,188 "
23,愛知県,-,循環器呼吸器病センター,4,"\166,828 ","\166,660 ","\166,828 ",\168 
23,愛知県,-,がんセンター,5,"\3,795,103 ","(\1,361,435)","\20,701,583 ","\22,063,018 "
23,愛知県,-,あいち小児保健医療総合センター,6,"\3,298,347 ","(\2,431,021)","\8,750,743 ","\11,181,764 "
23,愛知県,名古屋市,緑市民病院,7,"\312,970 ","(\482,144)","\7,017 ","\489,161 "
23,愛知県,豊橋市,豊橋市民病院,8,"\2,857,959 ","(\594,017)","\31,216,662 ","\31,810,679 "
23,愛知県,岡崎市,岡崎市民病院,9,"\1,969,139 ","(\1,707,832)","\21,734,504 ","\23,442,336 "
23,愛知県,岡崎市,岡崎市立愛知病院,10,-,-,-,-
23,愛知県,一宮市,一宮市立市民病院,11,"\1,379,665 ","(\778,647)","\21,233,305 ","\22,011,952 "
23,愛知県,一宮市,一宮市立木曽川市民病院,12,"\253,215 ","(\218,406)","\2,078,039 ","\2,296,445 "
23,愛知県,半田市,半田病院,13,"\914,019 ","\244,119 ","\13,185,447 ","\12,941,328 "
23,愛知県,春日井市,春日井市民病院,14,"\1,352,508 ","(\490,328)","\16,883,647 ","\17,373,975 "
23,愛知県,豊川市,豊川市民病院,15,"\1,944,839 ","(\1,600,730)","\14,605,390 ","\16,206,120 "
23,愛知県,津島市,津島市民病院,16,"\1,497,890 ","(\1,156,891)","\7,546,544 ","\8,703,435 "
23,愛知県,碧南市,碧南市民病院,17,"\2,060,299 ","(\1,893,746)","\5,700,476 ","\7,594,222 "
23,愛知県,西尾市,西尾市民病院,18,"\2,004,810 ","(\1,544,755)","\7,192,094 ","\8,736,849 "
23,愛知県,蒲郡市,蒲郡市民病院,19,"\1,602,000 ","(\1,253,963)","\7,340,720 ","\8,594,683 "
23,愛知県,常滑市,常滑市民病院,20,"\694,966 ","(\901,757)","\5,478,112 ","\6,379,869 "
23,愛知県,小牧市,小牧市民病院,21,"\1,976,000 ","(\2,598,860)","\20,791,873 ","\23,390,733 "
23,愛知県,稲沢市,稲沢市民病院,22,"\779,260 ","(\1,182,527)","\5,565,030 ","\6,747,557 "
23,愛知県,新城市,新城市民病院,23,"\915,150 ","(\899,354)","\2,651,733 ","\3,551,087 "
23,愛知県,知多市,知多市民病院,24,"\46,458 ",-,-,-
23,愛知県,高浜市,市立病院,25,"\61,943 ",-,-,-
23,愛知県,みよし市,みよし市民病院,26,"\1,078,269 ","(\460,755)","\2,234,962 ","\2,695,717 "
23,愛知県,あま市,あま市民病院,27,"\694,370 ","(\619,796)","\110,301 ","\730,097 "
23,愛知県,公立陶生病院組合,公立陶生病院,28,"\1,000,000 ","(\1,338,689)","\23,598,390 ","\24,937,079 "
23,愛知県,西知多医療厚生組合（事業会計分）,西知多総合病院,29,"\2,000,000 ","(\1,582,822)","\11,588,988 ","\13,171,810 "
24,三重県,-,総合医療センター,2,-,-,-,-
24,三重県,-,こころの医療センター,3,"\1,265,062 ","(\1,263,733)","\1,884,082 ","\3,147,815 "
24,三重県,-,一志病院,4,"\380,165 ","(\170,426)","\725,409 ","\895,835 "
24,三重県,-,志摩病院,5,"\751,490 ","(\782,909)","\144,201 ","\927,110 "
24,三重県,四日市市,市立四日市病院,6,"\1,276,017 ","(\1,450,600)","\20,595,372 ","\22,045,972 "
24,三重県,伊勢市,市立伊勢総合病院,7,"\1,406,091 ","(\1,509,835)","\6,478,304 ","\7,988,139 "
24,三重県,松阪市,松阪市民病院,8,"\848,354 ","(\794,564)","\9,400,468 ","\10,195,032 "
24,三重県,桑名市,桑名市民病院,9,-,-,-,-
24,三重県,名張市,名張市立病院,10,"\1,225,359 ","(\491,338)","\4,252,049 ","\4,743,387 "
24,三重県,尾鷲市,尾鷲総合病院,11,"\453,169 ","(\533,458)","\3,254,266 ","\3,787,724 "
24,三重県,亀山市,市立医療センター,12,"\213,146 ","(\191,817)","\1,488,363 ","\1,680,180 "
24,三重県,志摩市,国民健康保険 志摩市民病院,13,"\400,657 ","(\242,929)","\997,177 ","\1,240,106 "
24,三重県,伊賀市,伊賀市立上野総合市民病院,14,"\580,487 ","(\120,086)","\4,231,502 ","\4,351,588 "
24,三重県,大台町,報徳病院,15,"\9,880 ",-,-,-
24,三重県,玉城町,国保玉城病院,16,"\159,434 ","\57,738 ","\773,505 ","\715,767 "
24,三重県,南伊勢町,町立南伊勢病院,17,"\292,213 ","(\206,652)","\838,995 ","\1,045,647 "
24,三重県,紀南病院組合,紀南病院,18,"\400,763 ","(\868,108)","\3,311,562 ","\4,179,670 "
25,滋賀県,-,総合病院,2,"\2,510,249 ","(\2,735,221)","\15,008,989 ","\17,744,210 "
25,滋賀県,-,小児保健医療センター,3,"\784,718 ","(\918,796)","\2,313,262 ","\3,232,058 "
25,滋賀県,-,精神医療センター,4,"\723,307 ","(\743,277)","\1,233,147 ","\1,976,424 "
25,滋賀県,大津市,大津市民病院,5,"\369,985 ",-,-,-
25,滋賀県,彦根市,彦根市立病院,6,"\1,300,022 ","(\209,333)","\12,009,414 ","\12,218,747 "
25,滋賀県,長浜市,市立長浜病院,7,"\1,244,945 ","(\1,578,641)","\11,982,642 ","\13,561,283 "
25,滋賀県,長浜市,長浜市立湖北病院,8,"\554,779 ","(\711,567)","\2,049,416 ","\2,760,983 "
25,滋賀県,近江八幡市,近江八幡市立総合医療センター,9,"\1,072,928 ","(\718,698)","\12,506,150 ","\13,224,848 "
25,滋賀県,守山市,守山市民病院,10,"\473,387 ",-,-,"\186,251 "
25,滋賀県,甲賀市,信楽中央病院,11,"\304,457 ","(\251,343)","\462,944 ","\714,287 "
25,滋賀県,野洲市,市立野洲病院,12,"\291,339 ","(\169,838)","\2,701,565 ","\2,871,403 "
25,滋賀県,高島市,高島市民病院,13,"\726,178 ","(\869,361)","\4,262,044 ","\5,131,405 "
25,滋賀県,東近江市,東近江市立能登川病院,14,"\250,403 ",-,-,"\77,473 "
25,滋賀県,公立甲賀病院組合（普通会計分）,公立甲賀病院,15,"\203,159 ",-,-,-
26,京都府,-,洛南病院,2,"\643,257 ","(\1,044,342)","\1,528,970 ","\2,573,312 "
26,京都府,-,与謝の海病院,3,"\161,703 ",-,-,-
26,京都府,福知山市,福知山市民病院,4,"\1,300,778 ","(\230,368)","\13,263,772 ","\13,494,140 "
26,京都府,福知山市,福知山市民病院 大江分院,5,"\107,834 ","(\107,896)","\569,199 ","\677,095 "
26,京都府,舞鶴市,舞鶴市民病院,6,"\225,900 ","(\222,620)","\709,363 ","\931,983 "
26,京都府,綾部市,綾部市立病院,7,"\161,000 ","(\523,913)","\5,937,288 ","\6,461,201 "
26,京都府,亀岡市,市立病院,8,"\500,000 ","(\294,078)","\2,718,410 ","\3,012,488 "
26,京都府,京丹後市,京丹後市立弥栄病院,9,"\675,525 ","(\579,898)","\3,726,236 ","\4,306,134 "
26,京都府,京丹後市,京丹後市立久美浜病院,10,"\583,101 ","(\248,856)","\2,577,720 ","\2,826,576 "
26,京都府,精華町,国保病院,11,"\13,485 ",-,-,"\44,371 "
26,京都府,京丹波町,国保京丹波町病院,12,"\313,020 ","(\261,927)","\655,230 ","\917,157 "
26,京都府,国民健康保険南丹病院組合,京都中部総合医療センタ−,13,"\698,064 ","(\16,478)","\10,596,700 ","\10,613,178 "
26,京都府,国民健康保険山城病院組合,京都山城総合医療センター,14,"\626,708 ","(\496,676)","\7,398,921 ","\7,895,597 "
27,大阪府,-,大阪府立病院機構,2,-,-,-,-
27,大阪府,大阪市,総合医療センター,3,-,-,-,-
27,大阪府,大阪市,十三市民病院,4,-,-,-,-
27,大阪府,堺市,堺病院,5,-,-,-,-
27,大阪府,岸和田市,岸和田市民病院,6,"\1,440,167 ","(\1,277,190)","\11,541,166 ","\12,818,356 "
27,大阪府,豊中市,市立豊中病院,7,"\2,297,054 ","(\3,155,296)","\16,415,537 ","\19,570,833 "
27,大阪府,池田市,市立池田病院,8,"\988,000 ","(\284,792)","\12,436,401 ","\12,721,193 "
27,大阪府,吹田市,吹田市民病院,9,-,-,-,-
27,大阪府,泉大津市,市立病院,10,"\1,600,000 ","(\1,244,890)","\4,415,945 ","\5,660,835 "
27,大阪府,貝塚市,貝塚病院,11,"\980,400 ","(\643,429)","\6,502,081 ","\7,145,510 "
27,大阪府,枚方市,市立ひらかた病院,12,"\1,512,498 ","(\1,028,244)","\9,078,757 ","\10,107,001 "
27,大阪府,八尾市,市立病院,13,"\1,883,866 ","(\1,808,490)","\12,261,506 ","\14,069,996 "
27,大阪府,泉佐野市,泉佐野病院,14,-,-,-,-
27,大阪府,和泉市,市立病院,15,"\737,652 ","(\881,319)","\218,500 ","\1,099,819 "
27,大阪府,箕面市,市立病院,16,"\93,198 ","(\1,455,972)","\8,321,534 ","\9,777,506 "
27,大阪府,柏原市,市立柏原病院,17,"\525,468 ","(\801,731)","\3,817,136 ","\4,618,867 "
27,大阪府,藤井寺市,市立藤井寺市民病院,18,"\143,527 ","(\344,081)","\1,797,670 ","\2,141,751 "
27,大阪府,東大阪市,総合病院,19,-,-,-,-
27,大阪府,阪南市,阪南市民病院,20,"\283,896 ","(\308,512)","\9,686 ","\318,198 "
28,兵庫県,-,尼崎総合医療センター,2,"\8,688,619 ","(\4,633,368)","\30,400,173 ","\35,033,541 "
28,兵庫県,-,西宮病院,3,"\2,728,310 ","(\1,711,093)","\10,960,712 ","\12,671,805 "
28,兵庫県,-,加古川医療センター,4,"\6,017,939 ","(\3,464,365)","\9,961,258 ","\13,425,623 "
28,兵庫県,-,淡路医療センター,5,"\3,521,142 ","(\1,882,092)","\12,533,485 ","\14,415,577 "
28,兵庫県,-,ひょうごこころの医療センター,6,"\2,565,450 ","(\2,278,758)","\1,818,518 ","\4,097,276 "
28,兵庫県,-,丹波医療センター,7,"\2,986,799 ","(\2,470,468)","\7,181,472 ","\9,651,940 "
28,兵庫県,-,こども病院,8,"\3,118,730 ","(\2,736,566)","\10,913,730 ","\13,650,296 "
28,兵庫県,-,がんセンター,9,"\1,690,419 ","(\1,116,993)","\16,155,914 ","\17,272,907 "
28,兵庫県,-,姫路循環器病センター,10,"\2,453,528 ","(\1,292,303)","\11,575,244 ","\12,867,547 "
28,兵庫県,-,粒子線医療センター,11,"\1,726,617 ","(\1,837,612)","\1,362,006 ","\3,199,618 "
28,兵庫県,-,災害医療センター,12,"\1,025,074 ","(\412,738)","\395,776 ","\808,514 "
28,兵庫県,-,リハビリテーション中央病院,13,"\382,360 ",-,-,"\708,858 "
28,兵庫県,-,リハビリテーション西播磨病院,14,"\280,883 ",-,-,"\349,567 "
28,兵庫県,-,はりま姫路総合医療センター（仮称）整備事業,15,"\96,280 ",-,-,-
28,兵庫県,-,県立西宮病院と市立西宮中央病院との統合再編事業,16,\49 ,-,-,-
28,兵庫県,-,県立がんセンター建替整備事業,17,\6 ,-,-,-
28,兵庫県,神戸市,中央市民病院,18,-,-,-,-
28,兵庫県,神戸市,西市民病院,19,-,-,-,-
28,兵庫県,明石市,市民病院,20,-,-,-,-
28,兵庫県,西宮市,中央病院,21,"\1,168,502 ","(\1,434,105)","\4,645,738 ","\6,079,843 "
28,兵庫県,芦屋市,芦屋病院,22,"\797,024 ","(\507,680)","\4,858,560 ","\5,366,240 "
28,兵庫県,伊丹市,伊丹病院,23,"\1,066,376 ","(\945,685)","\11,887,833 ","\12,833,518 "
28,兵庫県,相生市,相生市民病院,24,"\64,253 ","(\79,383)","\542,779 ","\622,162 "
28,兵庫県,赤穂市,赤穂市民病院,25,"\1,334,779 ","(\747,997)","\8,116,549 ","\8,864,546 "
28,兵庫県,西脇市,西脇病院,26,"\1,000,000 ","(\1,429,268)","\7,252,302 ","\8,681,570 "
28,兵庫県,宝塚市,市立病院,27,"\1,731,349 ","(\1,273,255)","\10,763,999 ","\12,037,254 "
28,兵庫県,高砂市,高砂市民病院,28,"\502,452 ","(\764,723)","\3,849,744 ","\4,614,467 "
28,兵庫県,川西市,川西病院,29,"\1,288,529 ","(\977,951)","\158,288 ","\1,136,239 "
28,兵庫県,三田市,三田市民病院,30,"\1,698,318 ","(\733,198)","\7,757,115 ","\8,490,313 "
28,兵庫県,加西市,加西病院,31,"\750,000 ","(\260,925)","\4,713,275 ","\4,974,200 "
28,兵庫県,宍粟市,公立宍粟総合病院,32,"\545,951 ","(\350,259)","\3,502,376 ","\3,852,635 "
28,兵庫県,加東市,加東市民病院,33,"\465,748 ","(\292,575)","\1,862,923 ","\2,155,498 "
28,兵庫県,たつの市,市民病院,34,-,-,-,-
28,兵庫県,神河町,公立神崎総合病院,35,"\550,120 ","(\222,222)","\2,945,440 ","\3,167,662 "
28,兵庫県,香美町,公立香住病院,36,"\256,419 ","(\206,611)","\815,986 ","\1,022,597 "
28,兵庫県,新温泉町,浜坂病院,37,"\607,292 ","(\279,963)","\557,837 ","\837,800 "
28,兵庫県,公立豊岡病院組合,公立豊岡病院,38,"\2,566,293 ","(\1,713,775)","\14,638,302 ","\16,352,077 "
28,兵庫県,公立豊岡病院組合,公立豊岡病院日高医療センター,39,"\259,042 ","(\176,920)","\1,672,187 ","\1,849,107 "
28,兵庫県,公立豊岡病院組合,公立豊岡病院出石医療センター,40,"\258,948 ","(\188,263)","\520,876 ","\709,139 "
28,兵庫県,公立豊岡病院組合,公立朝来医療センター,41,"\376,986 ","(\502,949)","\1,569,660 ","\2,072,609 "
28,兵庫県,公立八鹿病院組合,公立八鹿病院,42,"\1,232,390 ","(\1,172,493)","\5,771,025 ","\6,943,518 "
28,兵庫県,公立八鹿病院組合,公立村岡病院,43,"\140,878 ","(\78,238)","\449,659 ","\527,897 "
28,兵庫県,北播磨総合医療センター企業団,北播磨総合医療センター,44,"\1,600,000 ","(\1,091,378)","\15,638,366 ","\16,729,744 "
29,奈良県,-,五條病院,2,"\34,155 ",-,-,-
29,奈良県,奈良市,市立奈良病院,3,"\540,087 ","(\2,253,762)","\70,096 ","\2,323,858 "
29,奈良県,大和高田市,大和高田市立病院,4,"\581,725 ","(\285,578)","\7,424,197 ","\7,709,775 "
29,奈良県,生駒市,生駒市立病院,5,"\465,271 ","(\1,941,852)","\79,087 ","\2,020,939 "
29,奈良県,宇陀市,宇陀市立病院,6,"\464,848 ","(\702,466)","\2,932,709 ","\3,635,175 "
29,奈良県,国保中央病院組合,国保中央病院,7,"\425,131 ","(\481,028)","\2,688,753 ","\3,169,781 "
29,奈良県,南和広域医療企業団,南奈良総合医療センター,8,"\1,031,445 ","(\1,529,419)","\6,910,112 ","\8,439,531 "
29,奈良県,南和広域医療企業団,吉野病院,9,"\187,640 ","(\91,513)","\944,311 ","\1,035,824 "
29,奈良県,南和広域医療企業団,五條病院,10,"\140,590 ","(\221,202)","\715,977 ","\937,179 "
30,和歌山県,-,こころの医療センター,2,"\1,031,161 ","(\629,227)","\1,360,986 ","\1,990,213 "
30,和歌山県,海南市,海南医療センター,3,"\543,180 ","(\225,664)","\3,425,957 ","\3,651,621 "
30,和歌山県,橋本市,橋本市民病院,4,"\770,266 ","(\502,018)","\6,487,342 ","\6,989,360 "
30,和歌山県,有田市,市立病院,5,"\457,392 ","(\688,562)","\2,012,955 ","\2,701,517 "
30,和歌山県,新宮市,新宮市立医療センター,6,"\892,434 ","(\959,194)","\5,639,487 ","\6,598,681 "
30,和歌山県,高野町,高野山病院,7,-,-,-,-
30,和歌山県,すさみ町,国保すさみ病院,8,"\250,000 ","(\213,351)","\418,079 ","\631,430 "
30,和歌山県,那智勝浦町,温泉病院,9,"\382,480 ","(\459,919)","\1,796,926 ","\2,256,845 "
30,和歌山県,串本町,くしもと町立病院,10,"\548,676 ","(\374,910)","\1,651,449 ","\2,026,359 "
30,和歌山県,国民健康保険野上厚生病院組合,国保野上厚生総合病院,11,"\816,827 ","(\516,228)","\2,203,152 ","\2,719,380 "
30,和歌山県,公立那賀病院経営事務組合,公立那賀病院,12,"\1,059,293 ","(\676,949)","\6,303,181 ","\6,980,130 "
30,和歌山県,御坊市外五ヶ町病院経営事務組合,ひだか病院,13,"\1,008,766 ","(\1,172,937)","\5,482,750 ","\6,655,687 "
30,和歌山県,公立紀南病院組合,紀南病院,14,"\943,013 ","(\780,554)","\9,616,740 ","\10,397,294 "
30,和歌山県,公立紀南病院組合,紀南こころの医療センター,15,"\396,423 ","(\347,259)","\983,664 ","\1,330,923 "
31,鳥取県,-,中央病院,2,"\1,888,115 ","(\1,508,924)","\16,490,545 ","\17,999,469 "
31,鳥取県,-,厚生病院,3,"\795,530 ","(\773,811)","\7,282,671 ","\8,056,482 "
31,鳥取県,鳥取市,市立病院,4,"\1,394,403 ","(\743,028)","\6,974,646 ","\7,717,674 "
31,鳥取県,岩美町,国保岩美病院,5,"\421,764 ","(\303,471)","\1,630,451 ","\1,933,922 "
31,鳥取県,智頭町,国保智頭病院,6,"\472,292 ","(\339,549)","\1,389,494 ","\1,729,043 "
31,鳥取県,南部町,西伯病院,7,"\597,041 ","(\453,728)","\1,761,429 ","\2,215,157 "
31,鳥取県,日南町,日南町国民健康保険 日南病院,8,"\367,097 ","(\307,861)","\844,429 ","\1,152,290 "
31,鳥取県,日野病院組合,日野病院,9,"\414,010 ","(\237,761)","\1,577,345 ","\1,815,106 "
32,島根県,-,中央病院,2,"\3,779,181 ","(\1,398,118)","\16,995,697 ","\18,393,815 "
32,島根県,-,こころの医療センター,3,"\1,096,307 ","(\895,240)","\1,491,220 ","\2,386,460 "
32,島根県,松江市,市立病院,4,"\1,908,983 ","(\1,380,301)","\9,764,177 ","\11,144,478 "
32,島根県,出雲市,出雲市立総合医療センター,5,"\635,287 ","(\706,776)","\2,556,927 ","\3,263,703 "
32,島根県,大田市,市立病院,6,"\1,093,934 ","(\1,027,853)","\4,319,607 ","\5,347,460 "
32,島根県,安来市,安来市立病院,7,"\639,167 ","(\436,905)","\2,060,201 ","\2,497,106 "
32,島根県,雲南市,雲南市立病院,8,"\730,030 ","(\1,021,193)","\4,008,618 ","\5,029,811 "
32,島根県,奥出雲町,町立奥出雲病院,9,"\776,159 ","(\305,346)","\1,676,225 ","\1,981,571 "
32,島根県,飯南町,飯南町立飯南病院,10,"\363,035 ","(\210,810)","\782,527 ","\993,337 "
32,島根県,津和野町,津和野共存病院,11,"\130,752 ","(\118,334)","\652,162 ","\770,496 "
32,島根県,邑智郡公立病院組合,公立邑智病院,12,"\440,984 ","(\60,616)","\1,697,143 ","\1,757,759 "
32,島根県,隠岐広域連合（事業会計分）,隠岐病院,13,"\772,905 ","(\863,386)","\2,312,228 ","\3,175,614 "
32,島根県,隠岐広域連合（事業会計分）,隠岐島前病院,14,"\322,617 ","(\228,076)","\618,553 ","\846,629 "
33,岡山県,-,地方独立行政法人 岡山県精神科医療センター,2,-,-,-,-
33,岡山県,岡山市,総合病院岡山市立市民病院（想定企業会計）,3,-,-,-,-
33,岡山県,岡山市,岡山市立せのお病院（想定企業会計）,4,-,-,-,-
33,岡山県,岡山市,国立病院機構岡山市立金川病院,5,"\34,670 ","(\42,673)","\2,223 ","\44,896 "
33,岡山県,倉敷市,倉敷市立市民病院,6,"\439,728 ","(\214,630)","\3,418,787 ","\3,633,417 "
33,岡山県,玉野市,玉野市民病院,7,-,-,-,-
33,岡山県,笠岡市,笠岡市民病院,8,"\422,820 ","(\298,108)","\1,626,026 ","\1,924,134 "
33,岡山県,井原市,井原市民病院,9,"\632,876 ","(\292,415)","\2,374,641 ","\2,667,056 "
33,岡山県,高梁市,国保成羽病院,10,"\246,147 ","(\429,628)","\1,032,470 ","\1,462,098 "
33,岡山県,備前市,備前病院,11,"\234,113 ","(\185,190)","\1,096,835 ","\1,282,025 "
33,岡山県,備前市,日生病院,12,"\174,733 ","\18,165 ","\1,180,124 ","\1,161,959 "
33,岡山県,備前市,吉永病院,13,"\126,795 ","(\31,524)","\1,725,486 ","\1,757,010 "
33,岡山県,瀬戸内市,瀬戸内市立瀬戸内市民病院,14,"\235,749 ","(\225,867)","\1,536,154 ","\1,762,021 "
33,岡山県,真庭市,真庭市国民健康保険湯原温泉病院,15,"\419,545 ","(\326,440)","\1,006,138 ","\1,332,578 "
33,岡山県,美作市,美作市立大原病院,16,"\256,302 ","(\59,941)","\877,004 ","\936,945 "
33,岡山県,矢掛町,国保病院,17,"\279,900 ","(\205,731)","\1,438,049 ","\1,643,780 "
33,岡山県,鏡野町,国保病院,18,"\50,000 ","(\88,488)","\1,294,052 ","\1,382,540 "
33,岡山県,岡山市久米南町国民健康保険病院組合,国保福渡病院,19,"\248,783 ","(\104,185)","\639,968 ","\744,153 "
34,広島県,-,県立広島病院,2,"\2,073,182 ","(\1,414,390)","\22,036,221 ","\23,450,611 "
34,広島県,-,県立安芸津病院,3,"\444,200 ","(\742,334)","\1,254,951 ","\1,997,285 "
34,広島県,広島市,広島市民病院,4,-,-,-,-
34,広島県,広島市,安佐市民病院,5,-,-,-,-
34,広島県,広島市,舟入市民病院,6,-,-,-,-
34,広島県,広島市,安芸市民病院,7,"\185,903 ","(\157,244)","\1,936,364 ","\2,093,608 "
34,広島県,広島市,リハビリテーション病院,8,-,-,-,-
34,広島県,呉市,公立下蒲刈病院,9,"\215,048 ","(\209,725)","\506,793 ","\716,518 "
34,広島県,尾道市,尾道市立市民病院,10,"\923,824 ","(\464,988)","\6,695,765 ","\7,160,753 "
34,広島県,尾道市,尾道市公立みつぎ総合病院,11,"\1,201,570 ","(\599,140)","\4,774,325 ","\5,373,465 "
34,広島県,福山市,福山市民病院,12,"\1,463,291 ","(\763,693)","\18,241,979 ","\19,005,672 "
34,広島県,府中市,府中市立湯が丘病院,13,"\264,762 ","(\195,792)","\1,041,031 ","\1,236,823 "
34,広島県,府中市,想定企業会計,14,-,-,-,-
34,広島県,三次市,市立三次中央病院,15,"\540,870 ","(\937,929)","\7,716,124 ","\8,654,053 "
34,広島県,庄原市,庄原市立西城市民病院,16,"\341,228 ","(\304,299)","\989,102 ","\1,293,401 "
34,広島県,安芸太田町,安芸太田病院,17,"\437,509 ","(\242,811)","\1,614,182 ","\1,856,993 "
34,広島県,北広島町,北広島町豊平病院,18,"\63,729 ",-,-,-
34,広島県,神石高原町,神石高原町立病院,19,"\1,339,560 ","(\330,758)","\19,048 ","\349,806 "
34,広島県,世羅中央病院企業団,公立世羅中央病院,20,"\413,914 ","(\585,288)","\2,564,952 ","\3,150,240 "
35,山口県,-,県立総合医療センター,2,-,-,-,-
35,山口県,-,県立こころの医療センター,3,-,-,-,-
35,山口県,下関市,中央病院,4,-,-,-,-
35,山口県,下関市,豊浦病院,5,"\11,724 ",-,-,-
35,山口県,下関市,豊田中央病院,6,"\311,129 ","(\401,809)","\714,424 ","\1,116,233 "
35,山口県,萩市,市民病院,7,"\660,856 ","(\466,992)","\2,100,860 ","\2,567,852 "
35,山口県,岩国市,岩国市立錦中央病院,8,"\198,125 ","(\161,220)","\630,881 ","\792,101 "
35,山口県,岩国市,岩国市立美和病院,9,"\235,514 ","(\354,080)","\319,054 ","\673,134 "
35,山口県,光市,光市立光総合病院,10,"\350,122 ","(\761,863)","\3,268,744 ","\4,030,607 "
35,山口県,光市,光市立大和総合病院,11,"\296,731 ","(\14,974)","\2,344,798 ","\2,359,772 "
35,山口県,美祢市,市立病院,12,"\449,487 ","(\431,397)","\1,546,936 ","\1,978,333 "
35,山口県,美祢市,美東病院,13,"\464,070 ","(\293,679)","\1,039,744 ","\1,333,423 "
35,山口県,周南市,市民病院,14,"\437,267 ","(\564,522)","\2,422,757 ","\2,987,279 "
35,山口県,山陽小野田市,山陽小野田市民病院,15,"\413,082 ","(\534,775)","\3,817,881 ","\4,352,656 "
35,山口県,周防大島町,周防大島町立東和病院,16,"\823,076 ","(\535,030)","\936,912 ","\1,471,942 "
35,山口県,周防大島町,周防大島町立大島病院,17,"\676,210 ","(\210,557)","\1,520,048 ","\1,730,605 "
36,徳島県,-,中央病院,2,"\2,668,093 ","(\1,903,084)","\13,704,603 ","\15,607,687 "
36,徳島県,-,三好病院,3,"\1,107,353 ","(\1,348,155)","\4,152,823 ","\5,500,978 "
36,徳島県,-,海部病院,4,"\662,219 ","(\747,093)","\1,869,982 ","\2,617,075 "
36,徳島県,徳島市,徳島市民病院,5,"\1,747,254 ","(\1,215,711)","\9,088,085 ","\10,303,796 "
36,徳島県,三好市,三野病院,6,"\144,746 ","(\151,733)","\761,673 ","\913,406 "
36,徳島県,勝浦町,国保勝浦病院,7,"\427,804 ","(\127,834)","\507,713 ","\635,547 "
36,徳島県,那賀町,那賀町立上那賀病院,8,"\346,934 ","(\256,626)","\314,143 ","\570,769 "
36,徳島県,美波町,国保美波病院,9,"\316,730 ","(\304,247)","\476,402 ","\780,649 "
36,徳島県,海陽町,海南病院,10,"\238,197 ","(\238,545)","\305,881 ","\544,426 "
36,徳島県,つるぎ町,つるぎ町立半田病院,11,"\264,000 ","(\431,047)","\1,957,847 ","\2,388,894 "
37,香川県,-,中央病院,2,"\2,478,222 ","(\2,231,504)","\19,891,571 ","\22,123,075 "
37,香川県,-,丸亀病院,3,"\593,457 ","(\818,837)","\915,022 ","\1,733,859 "
37,香川県,-,白鳥病院,4,"\506,490 ","(\711,189)","\2,214,671 ","\2,925,860 "
37,香川県,高松市,みんなの病院,5,"\1,514,955 ","(\804,585)","\7,814,645 ","\8,619,230 "
37,香川県,高松市,市民病院塩江分院,6,"\383,449 ","(\301,689)","\330,039 ","\631,728 "
37,香川県,坂出市,市立病院,7,"\450,434 ","(\644,975)","\5,598,313 ","\6,243,288 "
37,香川県,さぬき市,さぬき市民病院,8,"\648,872 ","(\796,769)","\4,230,974 ","\5,027,743 "
37,香川県,三豊市,永康病院,9,"\1,414,025 ","(\418,661)","\1,247,645 ","\1,666,306 "
37,香川県,三豊市,西香川病院,10,"\199,796 ","(\176,617)","\1,643 ","\178,260 "
37,香川県,土庄町,国保土庄中央病院,11,"\60,621 ",-,-,-
37,香川県,小豆島町,内海病院,12,"\274,625 ",-,-,-
37,香川県,綾川町,綾川町国民健康保険陶病院,13,"\70,000 ","\41,788 ","\1,186,225 ","\1,144,437 "
37,香川県,三豊総合病院企業団,三豊総合病院,14,"\819,962 ","(\411,024)","\11,189,315 ","\11,600,339 "
37,香川県,小豆島中央病院企業団,小豆島中央病院,15,"\481,959 ","(\740,411)","\3,487,535 ","\4,227,946 "
38,愛媛県,-,中央病院,2,"\3,149,103 ","(\2,474,975)","\26,329,084 ","\28,804,059 "
38,愛媛県,-,今治病院,3,"\1,571,678 ","(\1,055,958)","\4,762,411 ","\5,818,369 "
38,愛媛県,-,南宇和病院,4,"\2,035,442 ","(\860,585)","\1,860,719 ","\2,721,304 "
38,愛媛県,-,新居浜病院,5,"\1,987,679 ","(\1,404,813)","\4,811,033 ","\6,215,846 "
38,愛媛県,宇和島市,市立宇和島病院,6,"\960,205 ","(\864,405)","\11,947,738 ","\12,812,143 "
38,愛媛県,宇和島市,宇和島市立吉田病院,7,"\272,046 ","(\182,234)","\607,126 ","\789,360 "
38,愛媛県,宇和島市,宇和島市立津島病院,8,"\284,433 ","(\61,933)","\1,086,116 ","\1,148,049 "
38,愛媛県,八幡浜市,市立八幡浜総合病院,9,"\678,744 ","(\493,503)","\3,958,969 ","\4,452,472 "
38,愛媛県,西条市,西条市立周桑病院,10,"\254,835 ","(\112,088)","\47,277 ","\159,365 "
38,愛媛県,大洲市,大洲病院,11,"\672,629 ","(\520,450)","\2,493,416 ","\3,013,866 "
38,愛媛県,西予市,市立西予市民病院,12,"\484,138 ","(\611,676)","\1,811,557 ","\2,423,233 "
38,愛媛県,西予市,市立野村病院,13,"\485,781 ","(\365,926)","\1,214,407 ","\1,580,333 "
38,愛媛県,久万高原町,国保病院,14,"\219,785 ","(\291,188)","\696,854 ","\988,042 "
38,愛媛県,鬼北町,北宇和病院,15,"\184,335 ","(\261,350)","\621,458 ","\882,808 "
38,愛媛県,愛南町,愛南町国保一本松病院,16,"\259,278 ","(\217,732)","\419,264 ","\636,996 "
39,高知県,-,あき総合病院,2,"\1,796,628 ","(\1,589,609)","\4,283,488 ","\5,873,097 "
39,高知県,-,幡多けんみん病院,3,"\2,213,491 ","(\1,234,465)","\7,018,809 ","\8,253,274 "
39,高知県,土佐市,土佐市民病院,4,"\343,423 ","(\451,221)","\3,083,641 ","\3,534,862 "
39,高知県,四万十市,市民病院,5,"\308,902 ","(\291,366)","\1,145,348 ","\1,436,714 "
39,高知県,本山町,嶺北中央病院,6,"\393,027 ","(\312,547)","\1,144,370 ","\1,456,917 "
39,高知県,いの町,いの町立国民健康保険仁淀病院,7,"\281,676 ","(\366,887)","\1,051,181 ","\1,418,068 "
39,高知県,佐川町,高北国保病院,8,"\267,241 ","(\181,111)","\1,343,864 ","\1,524,975 "
39,高知県,梼原町,国保梼原病院,9,"\185,732 ","(\236,518)","\316,102 ","\552,620 "
39,高知県,大月町,国保大月病院,10,"\120,000 ","(\49,444)","\448,204 ","\497,648 "
39,高知県,高知県・高知市病院企業団,高知医療センター,11,"\4,005,656 ","(\3,225,552)","\18,565,733 ","\21,791,285 "
40,福岡県,-,精神医療センター太宰府病院,2,"\600,875 ","(\270,475)","\2,151,191 ","\2,421,666 "
40,福岡県,北九州市,門司病院,3,"\552,176 ","(\342,326)","\1,910 ","\344,236 "
40,福岡県,北九州市,医療センター,4,-,-,-,-
40,福岡県,北九州市,八幡病院,5,-,-,-,-
40,福岡県,福岡市,福岡市立こども病院,6,-,-,-,-
40,福岡県,福岡市,福岡市民病院,7,-,-,-,-
40,福岡県,大牟田市,総合病院,8,-,-,-,-
40,福岡県,飯塚市,飯塚市立病院,9,"\292,718 ","(\213,970)","\235,071 ","\449,041 "
40,福岡県,田川市,市立病院,10,"\832,765 ","(\747,108)","\4,553,695 ","\5,300,803 "
40,福岡県,筑後市,市立病院,11,-,-,-,-
40,福岡県,芦屋町,芦屋中央病院,12,-,-,-,-
40,福岡県,小竹町,小竹町立病院,13,"\104,838 ","(\129,298)","\410,223 ","\539,521 "
40,福岡県,鞍手町,地方独立行政法人くらて病院,14,-,-,-,-
40,福岡県,糸田町,緑ヶ丘病院,15,"\154,382 ","(\168,918)","\607,713 ","\776,631 "
40,福岡県,川崎町,町立病院,16,-,-,-,-
40,福岡県,公立八女総合病院企業団,公立八女総合病院,17,"\617,837 ","(\1,118,664)","\6,014,648 ","\7,133,312 "
40,福岡県,公立八女総合病院企業団,みどりの杜病院,18,"\27,914 ","(\19,877)","\468,697 ","\488,574 "
41,佐賀県,-,佐賀県医療センター好生館,2,-,-,-,-
41,佐賀県,佐賀市,佐賀市立富士大和温泉病院,3,"\332,013 ","(\178,958)","\1,166,529 ","\1,345,487 "
41,佐賀県,唐津市,唐津市民病院きたはた,4,"\123,857 ","(\33,994)","\545,748 ","\579,742 "
41,佐賀県,多久市,多久市立病院,5,"\199,161 ","(\330,954)","\1,033,399 ","\1,364,353 "
41,佐賀県,小城市,市民病院,6,"\167,065 ","(\386,650)","\813,476 ","\1,200,126 "
41,佐賀県,太良町,町立太良病院,7,"\237,538 ","(\120,751)","\929,555 ","\1,050,306 "
41,佐賀県,伊万里・有田地区医療福祉組合,伊万里有田共立病院,8,"\487,174 ","(\386,235)","\3,452,622 ","\3,838,857 "
42,長崎県,長崎市,長崎みなとメディカルセンター,2,-,-,-,-
42,長崎県,佐世保市,地方独立行政法人 佐世保市総合医療センター,3,-,-,-,-
42,長崎県,佐世保市,地方独立行政法人 北松中央病院,4,-,-,-,-
42,長崎県,大村市,市立大村市民病院,5,"\577,527 ",-,-,"\698,888 "
42,長崎県,平戸市,国民健康保険平戸市民病院,6,"\453,509 ","(\293,091)","\1,181,868 ","\1,474,959 "
42,長崎県,平戸市,平戸市立生月病院,7,"\224,905 ","(\139,333)","\534,839 ","\674,172 "
42,長崎県,雲仙・南島原保健組合（事業会計分）,公立小浜温泉病院,8,"\384,813 ",-,-,"\426,998 "
42,長崎県,長崎県病院企業団,五島中央病院,9,"\1,295,321 ","(\1,267,034)","\4,710,097 ","\5,977,131 "
42,長崎県,長崎県病院企業団,富江病院,10,"\158,919 ","\1,587 ","\719,398 ","\717,811 "
42,長崎県,長崎県病院企業団,上五島病院,11,"\534,260 ","(\429,733)","\4,121,648 ","\4,551,381 "
42,長崎県,長崎県病院企業団,上対馬病院,12,"\238,236 ","(\220,630)","\737,715 ","\958,345 "
42,長崎県,長崎県病院企業団,精神医療センター,13,"\435,383 ","(\400,585)","\1,462,443 ","\1,863,028 "
42,長崎県,長崎県病院企業団,島原病院,14,"\887,652 ","(\592,006)","\4,974,258 ","\5,566,264 "
42,長崎県,長崎県病院企業団,壱岐病院,15,"\633,922 ","(\456,268)","\2,986,198 ","\3,442,466 "
42,長崎県,長崎県病院企業団,対馬病院,16,"\898,429 ","(\961,318)","\4,840,880 ","\5,802,198 "
43,熊本県,-,こころの医療センター,2,"\1,059,075 ","(\963,872)","\671,304 ","\1,635,176 "
43,熊本県,熊本市,熊本市民病院,3,"\1,095,118 ","(\1,254,911)","\10,810,913 ","\12,065,824 "
43,熊本県,熊本市,植木病院,4,"\426,114 ","(\288,217)","\1,694,639 ","\1,982,856 "
43,熊本県,荒尾市,荒尾市民病院,5,"\551,034 ","(\455,248)","\6,132,456 ","\6,587,704 "
43,熊本県,水俣市,国保水俣市立総合医療センター,6,"\310,000 ","(\285,528)","\6,569,457 ","\6,854,985 "
43,熊本県,山鹿市,山鹿市民医療センター,7,"\555,409 ","(\462,357)","\3,226,277 ","\3,688,634 "
43,熊本県,上天草市,上天草総合病院,8,"\267,812 ","(\15,412)","\2,965,790 ","\2,981,202 "
43,熊本県,宇城市,宇城市民病院,9,"\91,813 ","(\167,980)","\288,680 ","\456,660 "
43,熊本県,阿蘇市,阿蘇医療センター,10,"\442,158 ","(\657,745)","\1,665,658 ","\2,323,403 "
43,熊本県,天草市,天草市立牛深市民病院,11,"\325,824 ","(\302,395)","\1,381,898 ","\1,684,293 "
43,熊本県,天草市,天草市立栖本病院,12,"\179,424 ","(\165,447)","\306,482 ","\471,929 "
43,熊本県,天草市,国民健康保険 天草市立 新和病院,13,"\128,106 ","(\177,478)","\405,221 ","\582,699 "
43,熊本県,天草市,河浦病院,14,"\270,178 ","(\384,380)","\573,392 ","\957,772 "
43,熊本県,和水町,和水町立病院,15,"\263,375 ","(\236,822)","\658,549 ","\895,371 "
43,熊本県,山都町,山都町包括医療センターそよう病院,16,"\244,680 ","(\192,801)","\767,929 ","\960,730 "
43,熊本県,玉名市玉東町病院設立組合,くまもと県北病院,17,"\100,234 ",-,-,-
43,熊本県,小国町外１ヶ町公立病院組合,小国公立病院,18,"\286,879 ","(\259,009)","\951,776 ","\1,210,785 "
43,熊本県,球磨郡公立多良木病院企業団,多良木病院,19,"\378,087 ","(\4,153)","\3,205,830 ","\3,209,983 "
44,大分県,-,県立病院,2,"\1,293,484 ","(\406,932)","\17,844,448 ","\18,251,380 "
44,大分県,中津市,中津市民病院,3,"\359,012 ","(\451,772)","\7,377,146 ","\7,828,918 "
44,大分県,杵築市,山香病院,4,"\256,763 ","(\63,732)","\2,372,647 ","\2,436,379 "
44,大分県,豊後大野市,豊後大野市民病院,5,"\373,523 ","(\498,787)","\2,805,654 ","\3,304,441 "
44,大分県,国東市,国東市民病院,6,"\444,247 ","(\576,523)","\3,141,915 ","\3,718,438 "
45,宮崎県,-,宮崎病院,2,"\3,078,815 ","(\3,194,014)","\12,344,917 ","\15,538,931 "
45,宮崎県,-,延岡病院,3,"\3,293,481 ","(\637,945)","\11,032,977 ","\11,670,922 "
45,宮崎県,-,日南病院,4,"\2,353,786 ","(\1,487,855)","\4,950,209 ","\6,438,064 "
45,宮崎県,宮崎市,宮崎市立田野病院,5,"\393,045 ","\3,407 ","\723,763 ","\720,356 "
45,宮崎県,日南市,日南市立中部病院,6,"\383,458 ","(\346,362)","\1,086,567 ","\1,432,929 "
45,宮崎県,小林市,小林市立病院,7,"\447,856 ","(\393,919)","\2,208,734 ","\2,602,653 "
45,宮崎県,串間市,市民病院,8,"\280,000 ","(\397,172)","\1,636,153 ","\2,033,325 "
45,宮崎県,えびの市,えびの市立病院,9,"\244,455 ","(\270,318)","\551,182 ","\821,500 "
45,宮崎県,高原町,国保高原病院,10,"\273,939 ","(\362,967)","\587,442 ","\950,409 "
45,宮崎県,都農町,都農町国民健康保険病院,11,"\364,472 ","(\302,939)","\734,704 ","\1,037,643 "
45,宮崎県,椎葉村,椎葉村国民健康保険病院,12,"\159,832 ","(\120,380)","\362,619 ","\482,999 "
45,宮崎県,美郷町,西郷病院,13,"\313,358 ","(\166,242)","\474,343 ","\640,585 "
45,宮崎県,高千穂町,国保病院,14,"\300,000 ","(\177,667)","\1,943,834 ","\2,121,501 "
45,宮崎県,日之影町,国保病院,15,"\177,291 ","(\114,901)","\507,049 ","\621,950 "
45,宮崎県,五ケ瀬町,国保病院,16,"\190,368 ","(\157,100)","\440,423 ","\597,523 "
46,鹿児島県,-,鹿屋医療センター,2,"\837,127 ","(\717,148)","\2,871,967 ","\3,589,115 "
46,鹿児島県,-,大島病院,3,"\1,519,056 ","(\795,287)","\6,862,139 ","\7,657,426 "
46,鹿児島県,-,姶良病院,4,"\965,515 ","(\276,847)","\2,289,781 ","\2,566,628 "
46,鹿児島県,-,薩南病院,5,"\403,252 ","(\371,216)","\2,490,220 ","\2,861,436 "
46,鹿児島県,-,北薩病院,6,"\353,100 ","(\575,588)","\1,442,666 ","\2,018,254 "
46,鹿児島県,鹿児島市,市立病院,7,"\1,439,101 ","(\948,337)","\21,631,923 ","\22,580,260 "
46,鹿児島県,枕崎市,市立病院,8,"\135,171 ","(\141,732)","\490,745 ","\632,477 "
46,鹿児島県,出水市,出水総合医療センター,9,"\693,010 ","(\578,495)","\4,263,274 ","\4,841,769 "
46,鹿児島県,垂水市,垂水中央病院,10,"\303,754 ","(\339,669)","\42,917 ","\382,586 "
46,鹿児島県,霧島市,医師会医療センター,11,"\283,140 ","(\410,473)","\5,665,783 ","\6,076,256 "
46,鹿児島県,南さつま市,市立坊津病院,12,"\161,024 ","(\94,769)","\319,018 ","\413,787 "
46,鹿児島県,肝付町,町立病院,13,"\299,880 ","(\259,727)","\282,134 ","\541,861 "
46,鹿児島県,公立種子島病院組合,公立種子島病院,14,"\269,066 ","(\143,602)","\776,419 ","\920,021 "
47,沖縄県,-,北部病院,2,"\796,035 ","(\1,149,304)","\5,734,384 ","\6,883,688 "
47,沖縄県,-,中部病院,3,"\1,822,434 ","(\3,045,332)","\15,218,151 ","\18,263,483 "
47,沖縄県,-,南部医療センター・こども医療センター,4,"\2,335,369 ","(\2,552,742)","\15,397,345 ","\17,950,087 "
47,沖縄県,-,宮古病院,5,"\1,134,091 ","(\1,727,230)","\5,484,796 ","\7,212,026 "
47,沖縄県,-,八重山病院,6,"\1,147,527 ","(\1,967,305)","\5,102,908 ","\7,070,213 "
47,沖縄県,-,精和病院,7,"\631,471 ","(\1,277,261)","\1,089,950 ","\2,367,211 "
47,沖縄県,沖縄県離島医療組合,久米島病院,8,"\369,620 ",-,-,"\308,564 "
